municipio_ibge;agencias;cod_ibge;postos
1100015;3;110001;4
1100023;6;110002;10
1100049;6;110004;10
1100056;4;110005;4
1100064;2;110006;3
1100080;1;110008;2
1100098;2;110009;2
1100106;4;110010;1
1100114;5;110011;10
1100122;8;110012;19
1100130;2;110013;5
1100148;1;110014;2
1100155;3;110015;8
1100189;4;110018;3
1100205;27;110020;30
1100254;2;110025;4
1100288;6;110028;3
1100304;7;110030;9
1100320;3;110032;4
1100338;2;110033;6
1100346;1;110034;3
1100403;2;110040;2
1100452;4;110045;4
1100809;2;110080;3
1101203;1;110120;3
1101302;1;110130;3
1101401;2;110140;2
1101492;1;110149;3
1101708;1;110170;4
1200013;1;120001;3
1200054;1;120005;NA
1200104;4;120010;2
1200138;1;120013;NA
1200203;5;120020;4
1200252;1;120025;NA
1200302;2;120030;1
1200344;1;120034;NA
1200385;2;120038;NA
1200401;21;120040;10
1200450;2;120045;1
1200500;3;120050;2
1200609;3;120060;1
1200708;1;120070;NA
1200807;1;120080;NA
1300144;1;130014;1
1300300;2;130030;NA
1300409;2;130040;NA
1300508;1;130050;NA
1300607;1;130060;NA
1300631;1;130063;NA
1300706;3;130070;1
1300805;3;130080;NA
1300904;1;130090;NA
1301001;3;130100;NA
1301100;2;130110;NA
1301209;4;130120;NA
1301308;1;130130;1
1301407;2;130140;NA
1301506;1;130150;NA
1301605;1;130160;NA
1301704;4;130170;2
1301803;1;130180;NA
1301852;2;130185;NA
1301902;5;130190;2
1302306;1;130230;NA
1302405;3;130240;NA
1302504;6;130250;2
1302553;1;130255;NA
1302603;97;130260;18
1302702;3;130270;1
1302900;4;130290;NA
1303007;1;130300;NA
1303106;1;130310;NA
1303205;1;130320;NA
1303304;1;130330;NA
1303403;6;130340;1
1303502;1;130350;NA
1303536;3;130353;1
1303569;2;130356;1
1303700;1;130370;NA
1303809;2;130380;NA
1303908;2;130390;NA
1304062;3;130406;NA
1304104;1;130410;NA
1304203;5;130420;NA
1304302;1;130430;NA
1400100;17;140010;7
1400209;2;140020;NA
1400308;1;140030;1
1400472;2;140047;1
1400506;1;140050;NA
1500107;7;150010;3
1500131;1;150013;1
1500206;2;150020;1
1500305;1;150030;1
1500347;1;150034;1
1500404;4;150040;NA
1500503;3;150050;NA
1500602;8;150060;5
1500701;1;150070;NA
1500800;17;150080;4
1500859;1;150085;1
1500909;3;150090;NA
1500958;1;150095;1
1501006;1;150100;NA
1501105;1;150110;NA
1501204;2;150120;1
1501253;1;150125;NA
1501303;7;150130;3
1501402;91;150140;18
1501451;1;150145;1
1501501;4;150150;NA
1501576;2;150157;1
1501600;1;150160;NA
1501709;5;150170;1
1501725;2;150172;1
1501758;1;150175;1
1501782;2;150178;1
1501808;4;150180;NA
1501907;1;150190;1
1501956;1;150195;NA
1502004;1;150200;NA
1502103;6;150210;NA
1502152;6;150215;3
1502202;6;150220;3
1502301;4;150230;NA
1502400;11;150240;2
1502509;1;150250;NA
1502608;1;150260;NA
1502707;5;150270;2
1502756;1;150275;1
1502764;1;150276;1
1502772;2;150277;1
1502806;1;150280;NA
1502855;1;150285;NA
1502905;2;150290;NA
1502939;6;150293;2
1502954;2;150295;1
1503002;1;150300;NA
1503044;1;150304;1
1503077;2;150307;1
1503093;2;150309;2
1503101;2;150310;NA
1503200;3;150320;NA
1503309;6;150330;1
1503408;1;150340;1
1503457;2;150345;1
1503507;2;150350;NA
1503606;7;150360;5
1503705;2;150370;1
1503754;1;150375;NA
1503804;5;150380;1
1503903;4;150390;NA
1504000;1;150400;NA
1504059;4;150405;2
1504109;1;150410;NA
1504208;18;150420;10
1504307;1;150430;NA
1504406;2;150440;NA
1504422;5;150442;1
1504455;2;150445;1
1504505;1;150450;NA
1504604;1;150460;1
1504703;4;150470;1
1504752;1;150475;1
1504802;4;150480;NA
1504901;1;150490;NA
1504950;2;150495;1
1504976;1;150497;1
1505007;1;150500;NA
1505031;4;150503;3
1505064;5;150506;2
1505106;3;150510;NA
1505205;1;150520;NA
1505304;5;150530;NA
1505403;1;150540;NA
1505437;3;150543;1
1505486;3;150548;1
1505494;1;150549;NA
1505502;6;150550;5
1505536;12;150553;5
1505551;1;150555;1
1505601;1;150560;NA
1505635;1;150563;1
1505650;1;150565;NA
1505700;1;150570;NA
1505809;3;150580;NA
1505908;2;150590;NA
1506005;2;150600;NA
1506104;1;150610;NA
1506112;1;150611;NA
1506138;6;150613;4
1506161;3;150616;2
1506187;5;150618;2
1506195;2;150619;1
1506203;4;150620;NA
1506302;1;150630;NA
1506351;1;150635;NA
1506401;1;150640;NA
1506500;4;150650;3
1506559;1;150655;NA
1506583;1;150658;2
1506609;2;150660;NA
1506708;4;150670;2
1506807;13;150680;8
1506906;1;150690;NA
1507003;1;150700;NA
1507102;1;150710;NA
1507151;2;150715;1
1507201;1;150720;1
1507300;5;150730;1
1507409;1;150740;NA
1507458;3;150745;1
1507466;1;150746;NA
1507474;1;150747;NA
1507508;1;150750;NA
1507607;5;150760;2
1507706;1;150770;NA
1507755;1;150775;1
1507805;1;150780;NA
1507904;3;150790;NA
1507953;5;150795;3
1507961;1;150796;NA
1507979;2;150797;NA
1508001;5;150800;2
1508035;1;150803;NA
1508050;1;150805;2
1508084;4;150808;2
1508100;7;150810;2
1508126;1;150812;2
1508159;5;150815;1
1508209;3;150820;NA
1508308;1;150830;1
1508357;1;150835;NA
1508407;5;150840;2
1600105;1;160010;NA
1600154;1;160015;NA
1600279;2;160027;1
1600303;25;160030;5
1600501;3;160050;NA
1600535;1;160053;NA
1600600;6;160060;3
1700707;1;170070;1
1701002;1;170100;NA
1702000;3;170200;1
1702109;11;170210;5
1702208;4;170220;1
1702406;1;170240;NA
1702554;3;170255;1
1705508;4;170550;1
1707009;3;170700;2
1707702;1;170770;NA
1708205;2;170820;1
1709302;4;170930;2
1709500;6;170950;4
1711902;2;171190;2
1713205;3;171320;1
1713304;2;171330;1
1714203;1;171420;2
1715754;2;171575;1
1716109;6;171610;2
1716505;2;171650;1
1716703;2;171670;NA
1718204;5;171820;3
1720655;1;172065;NA
1720903;3;172090;2
1721000;29;172100;13
1721208;4;172120;2
1722107;2;172210;NA
2100055;6;210005;NA
2100477;1;210047;NA
2100501;1;210050;NA
2100600;2;210060;NA
2100709;1;210070;NA
2100907;1;210090;NA
2100956;1;210095;1
2101004;1;210100;NA
2101202;6;210120;1
2101400;9;210140;2
2101608;4;210160;1
2101707;4;210170;NA
2101905;1;210190;NA
2102002;1;210200;NA
2102101;2;210210;NA
2102200;1;210220;NA
2102309;1;210230;NA
2102325;2;210232;NA
2102556;1;210255;NA
2102606;1;210260;NA
2102705;1;210270;NA
2102804;3;210280;NA
2102903;2;210290;NA
2103000;6;210300;1
2103208;4;210320;1
2103307;4;210330;1
2103406;1;210340;NA
2103505;3;210350;1
2103604;3;210360;1
2103703;2;210370;NA
2103802;2;210380;NA
2103901;1;210390;NA
2104008;1;210400;NA
2104057;4;210405;1
2104099;1;210409;1
2104107;2;210410;NA
2104206;1;210420;NA
2104677;2;210467;NA
2104800;4;210480;NA
2105104;1;210510;NA
2105302;16;210530;3
2105401;3;210540;1
2105427;1;210542;1
2105500;1;210550;NA
2105708;2;210570;NA
2105906;1;210590;NA
2106102;1;210610;NA
2106326;1;210632;NA
2106409;1;210640;NA
2106508;1;210650;NA
2107506;4;210750;NA
2107803;1;210780;NA
2108108;1;210810;NA
2108207;4;210820;1
2108306;1;210830;NA
2108504;1;210850;NA
2108603;6;210860;1
2108900;1;210890;NA
2109007;3;210900;1
2109106;4;210910;1
2109502;1;210950;NA
2109601;3;210960;NA
2109809;2;210980;NA
2109908;7;210990;1
2110005;4;211000;1
2110039;2;211003;NA
2110104;1;211010;NA
2110203;1;211020;NA
2110401;1;211040;NA
2110500;2;211050;NA
2110609;2;211060;NA
2110708;1;211070;1
2111052;1;211105;NA
2111102;4;211110;NA
2111201;5;211120;1
2111300;75;211130;13
2111508;2;211150;1
2111607;1;211160;NA
2112001;1;211200;NA
2112209;4;211220;3
2112308;1;211230;1
2112407;1;211240;NA
2112506;3;211250;1
2112605;1;211260;NA
2112704;2;211270;NA
2112803;4;211280;NA
2112902;2;211290;NA
2113009;2;211300;NA
2114007;4;211400;NA
2200202;3;220020;NA
2200400;3;220040;NA
2200509;1;220050;NA
2201200;3;220120;NA
2201507;1;220150;NA
2201903;4;220190;1
2202000;1;220200;NA
2202208;4;220220;NA
2202307;3;220230;NA
2202703;1;220270;NA
2202901;4;220290;NA
2203206;1;220320;NA
2203503;1;220350;NA
2203701;4;220370;NA
2203909;5;220390;2
2204303;1;220430;NA
2204402;1;220440;NA
2204501;1;220450;NA
2205102;1;220510;NA
2205508;2;220550;NA
2205706;2;220570;NA
2205805;1;220580;NA
2206209;1;220620;NA
2207009;4;220700;NA
2207702;8;220770;2
2207801;4;220780;NA
2207900;3;220790;NA
2208007;7;220800;2
2208304;3;220830;NA
2208403;4;220840;NA
2208809;1;220880;NA
2208908;1;220890;NA
2210003;4;221000;NA
2210508;1;221050;NA
2210607;4;221060;NA
2210805;1;221080;NA
2211001;48;221100;4
2211100;4;221110;NA
2211209;4;221120;NA
2211308;4;221130;NA
2300200;4;230020;NA
2300309;4;230030;NA
2300754;2;230075;NA
2301000;3;230100;NA
2301109;5;230110;1
2301208;1;230120;NA
2301604;2;230160;NA
2301703;1;230170;NA
2301851;1;230185;NA
2301901;5;230190;2
2302008;1;230200;NA
2302107;4;230210;NA
2302206;2;230220;NA
2302305;1;230230;NA
2302404;3;230240;NA
2302503;3;230250;1
2302602;3;230260;NA
2302701;3;230270;NA
2302800;4;230280;NA
2303204;1;230320;NA
2303501;4;230350;NA
2303709;9;230370;2
2303808;1;230380;NA
2304103;5;230410;1
2304202;6;230420;3
2304285;5;230428;2
2304350;1;230435;NA
2304400;148;230440;14
2304707;2;230470;NA
2305001;2;230500;NA
2305209;1;230520;NA
2305233;4;230523;NA
2305308;1;230530;NA
2305357;1;230535;NA
2305407;3;230540;NA
2305506;6;230550;1
2305803;2;230580;NA
2305902;2;230590;NA
2306256;1;230625;NA
2306306;4;230630;NA
2306405;6;230640;2
2306553;1;230655;NA
2306900;4;230690;NA
2307007;2;230700;NA
2307106;1;230710;NA
2307254;1;230725;NA
2307304;11;230730;4
2307403;1;230740;NA
2307502;2;230750;NA
2307601;4;230760;1
2307650;10;230765;NA
2307700;4;230770;1
2307809;2;230780;NA
2308005;2;230800;NA
2308104;2;230810;NA
2308500;3;230850;NA
2308708;3;230870;1
2309300;3;230930;NA
2309409;1;230940;NA
2309607;5;230960;NA
2309706;3;230970;NA
2310209;2;231020;NA
2310258;1;231025;NA
2310308;1;231030;NA
2310704;2;231070;NA
2311306;6;231130;2
2311405;4;231140;1
2311504;1;231150;NA
2311603;3;231160;NA
2311801;4;231180;1
2312007;1;231200;NA
2312106;1;231210;NA
2312205;4;231220;NA
2312304;4;231230;NA
2312403;3;231240;NA
2312700;2;231270;NA
2312908;10;231290;3
2313005;1;231300;NA
2313104;2;231310;NA
2313203;2;231320;NA
2313302;4;231330;1
2313401;5;231340;NA
2313500;3;231350;NA
2313609;1;231360;NA
2313807;1;231380;NA
2314003;3;231400;NA
2314102;3;231410;NA
2400208;4;240020;1
2400505;1;240050;NA
2400703;1;240070;NA
2400802;2;240080;NA
2401008;3;240100;1
2401107;2;240110;NA
2401305;1;240130;NA
2401453;1;240145;NA
2402006;5;240200;1
2402204;2;240220;NA
2402303;1;240230;NA
2402600;4;240260;NA
2403103;4;240310;1
2403251;7;240325;2
2403608;1;240360;NA
2404200;4;240420;NA
2404507;1;240450;NA
2405702;1;240570;NA
2405801;4;240580;NA
2406106;1;240610;NA
2406700;1;240670;NA
2407104;4;240710;1
2407203;4;240720;NA
2407807;2;240780;NA
2408003;13;240800;4
2408102;59;240810;13
2408300;3;240830;NA
2408904;1;240890;NA
2409308;1;240930;NA
2409407;4;240940;1
2411205;4;241120;1
2411502;3;241150;NA
2412005;7;241200;1
2412203;3;241220;NA
2412500;2;241250;NA
2412609;1;241260;NA
2414407;2;241440;NA
2414506;2;241450;NA
2500304;2;250030;NA
2500403;1;250040;NA
2500601;1;250060;NA
2500700;1;250070;1
2501104;2;250110;NA
2501500;2;250150;1
2501807;4;250180;NA
2501906;1;250190;NA
2502805;1;250280;NA
2503209;5;250320;1
2503704;6;250370;2
2504009;19;250400;12
2504306;4;250430;1
2504405;1;250440;NA
2505105;2;250510;NA
2506004;3;250600;1
2506301;5;250630;1
2506905;2;250690;1
2507002;4;250700;NA
2507507;75;250750;19
2508901;4;250890;1
2509701;4;250970;2
2510808;7;251080;4
2511202;2;251120;NA
2511301;1;251130;NA
2511400;3;251140;NA
2511806;1;251180;NA
2512002;1;251200;NA
2512101;4;251210;1
2512309;2;251230;1
2512507;2;251250;1
2512903;1;251290;NA
2513406;2;251340;NA
2513703;6;251370;1
2513901;3;251390;1
2514503;1;251450;NA
2515302;4;251530;1
2515500;1;251550;NA
2516003;3;251600;1
2516102;1;251610;NA
2516201;6;251620;1
2516300;1;251630;2
2516607;1;251660;NA
2516706;1;251670;1
2516904;1;251690;1
2600054;6;260005;NA
2600104;3;260010;1
2600203;1;260020;NA
2600302;1;260030;NA
2600401;1;260040;NA
2600500;1;260050;NA
2600708;1;260070;NA
2600807;1;260080;NA
2601102;6;260110;1
2601201;6;260120;2
2601409;4;260140;NA
2601607;1;260160;NA
2601706;6;260170;1
2601904;5;260190;1
2602001;2;260200;NA
2602100;4;260210;1
2602209;1;260220;NA
2602308;3;260230;NA
2602605;2;260260;NA
2602803;3;260280;NA
2602902;8;260290;NA
2603009;3;260300;NA
2603108;1;260310;NA
2603207;1;260320;NA
2603454;6;260345;1
2603702;1;260370;NA
2604007;5;260400;NA
2604106;16;260410;8
2604205;3;260420;NA
2604502;1;260450;NA
2605004;1;260500;NA
2605103;2;260510;1
2605202;5;260520;NA
2605301;1;260530;1
2605459;2;260545;NA
2605707;3;260570;NA
2605905;1;260590;NA
2606002;8;260600;4
2606200;6;260620;1
2606408;5;260640;4
2606606;1;260660;NA
2606804;5;260680;NA
2607208;7;260720;NA
2607307;1;260730;NA
2607505;1;260750;NA
2607604;1;260760;NA
2607653;2;260765;NA
2607752;1;260775;NA
2607901;20;260790;2
2608107;1;260810;NA
2608503;1;260850;NA
2608750;1;260875;1
2608800;3;260880;NA
2608909;5;260890;1
2609402;3;260940;NA
2609501;2;260950;NA
2609600;9;260960;2
2609709;1;260970;NA
2609907;5;260990;2
2610004;6;261000;1
2610400;1;261040;NA
2610608;3;261060;NA
2610707;7;261070;1
2610905;5;261090;NA
2611002;3;261100;1
2611101;12;261110;7
2611606;142;261160;16
2611804;4;261180;NA
2611903;1;261190;NA
2612208;5;261220;2
2612406;1;261240;NA
2612505;7;261250;2
2612604;3;261260;NA
2613008;3;261300;1
2613107;1;261310;NA
2613503;1;261350;NA
2613602;2;261360;NA
2613701;5;261370;NA
2613909;5;261390;3
2614105;3;261410;1
2614204;1;261420;NA
2614501;5;261450;NA
2614600;1;261460;2
2614808;1;261480;NA
2615003;1;261500;NA
2615300;5;261530;1
2615409;3;261540;NA
2615607;2;261560;NA
2615706;1;261570;1
2616001;1;261600;NA
2616308;1;261630;NA
2616407;7;261640;2
2700102;1;270010;NA
2700300;9;270030;4
2700409;3;270040;NA
2700706;1;270070;NA
2701001;1;270100;NA
2701407;1;270140;NA
2701704;1;270170;NA
2702306;4;270230;1
2702405;4;270240;1
2702900;3;270290;NA
2703106;1;270310;NA
2703809;1;270380;NA
2704302;61;270430;16
2704401;1;270440;NA
2704500;3;270450;NA
2704708;2;270470;NA
2704807;1;270480;NA
2705002;1;270500;NA
2705507;2;270550;NA
2705705;2;270570;NA
2706307;5;270630;2
2706406;1;270640;1
2706703;4;270670;2
2706901;1;270690;NA
2707107;1;270710;NA
2707305;1;270730;NA
2707701;4;270770;NA
2708006;4;270800;1
2708303;1;270830;NA
2708402;2;270840;1
2708501;2;270850;NA
2708600;4;270860;NA
2708808;2;270880;NA
2709103;1;270910;NA
2709152;2;270915;NA
2709301;4;270930;NA
2709400;3;270940;NA
2800209;1;280020;NA
2800308;61;280030;6
2800506;1;280050;NA
2800605;2;280060;NA
2800670;3;280067;NA
2801009;1;280100;NA
2801108;1;280110;NA
2801207;3;280120;NA
2801306;3;280130;NA
2801405;3;280140;NA
2801504;2;280150;NA
2801702;1;280170;NA
2802106;5;280210;NA
2802304;3;280230;NA
2802403;1;280240;NA
2802809;1;280280;NA
2802908;6;280290;1
2803005;4;280300;NA
2803104;1;280310;NA
2803203;2;280320;NA
2803302;2;280330;NA
2803401;1;280340;NA
2803500;5;280350;2
2803609;3;280360;NA
2803906;1;280390;NA
2804003;1;280400;NA
2804409;4;280440;NA
2804458;1;280445;NA
2804508;5;280450;1
2804607;4;280460;NA
2804805;6;280480;NA
2805307;1;280530;NA
2805406;1;280540;NA
2805505;3;280550;1
2805604;1;280560;NA
2805703;5;280570;NA
2805802;1;280580;NA
2805901;1;280590;NA
2806008;2;280600;NA
2806107;1;280610;NA
2806602;1;280660;NA
2806701;3;280670;NA
2807105;5;280710;NA
2807204;1;280720;NA
2807402;5;280740;1
2807600;3;280760;NA
2900207;1;290020;NA
2900306;1;290030;NA
2900702;8;290070;2
2900801;1;290080;1
2901007;3;290100;1
2901106;2;290110;NA
2901205;1;290120;NA
2901304;2;290130;NA
2901403;2;290140;NA
2902104;3;290210;1
2902500;1;290250;1
2902609;1;290260;1
2902708;3;290270;NA
2902807;3;290280;1
2902906;2;290290;1
2903003;1;290300;NA
2903201;13;290320;5
2903409;2;290340;NA
2903508;1;290350;NA
2903904;5;290390;1
2904050;1;290405;NA
2904100;1;290410;NA
2904209;1;290420;NA
2904605;5;290460;1
2904704;1;290470;NA
2904753;1;290475;NA
2904902;2;290490;NA
2905008;2;290500;3
2905206;3;290520;2
2905305;1;290530;NA
2905602;4;290560;1
2905701;12;290570;4
2905800;2;290580;NA
2906006;4;290600;1
2906303;3;290630;NA
2906501;5;290650;1
2906600;1;290660;NA
2906709;2;290670;NA
2906808;2;290680;1
2906873;3;290687;1
2907103;2;290710;NA
2907202;4;290720;1
2907301;2;290730;NA
2907509;4;290750;NA
2907806;4;290780;NA
2907905;1;290790;NA
2908002;2;290800;NA
2908309;1;290830;NA
2908408;4;290840;2
2908507;3;290850;NA
2908606;1;290860;NA
2908705;2;290870;NA
2908903;1;290890;NA
2909109;1;290910;NA
2909307;3;290930;2
2909604;1;290960;NA
2909802;5;290980;1
2909901;1;290990;NA
2910008;1;291000;NA
2910057;5;291005;NA
2910404;1;291040;NA
2910503;3;291050;NA
2910602;3;291060;NA
2910701;4;291070;2
2910727;7;291072;2
2910800;27;291080;6
2911105;3;291110;2
2911204;3;291120;NA
2911709;6;291170;3
2911907;1;291190;NA
2912103;1;291210;NA
2912202;1;291220;1
2912400;1;291240;NA
2912905;1;291290;NA
2913200;4;291320;NA
2913507;2;291350;NA
2913606;8;291360;3
2913705;2;291370;1
2913903;4;291390;NA
2914000;4;291400;1
2914109;1;291410;NA
2914406;1;291440;NA
2914505;3;291450;1
2914604;6;291460;1
2914653;2;291465;1
2914703;4;291470;1
2914802;10;291480;2
2914901;3;291490;NA
2915205;1;291520;NA
2915304;1;291530;NA
2915502;1;291550;1
2915601;4;291560;1
2915809;2;291580;NA
2916005;1;291600;1
2916104;2;291610;NA
2916401;4;291640;2
2916500;1;291650;NA
2916807;1;291680;1
2916856;1;291685;NA
2916906;1;291690;NA
2917003;2;291700;NA
2917201;1;291720;NA
2917300;2;291730;NA
2917508;5;291750;3
2917607;4;291760;1
2917706;2;291770;NA
2918001;7;291800;2
2918100;3;291810;NA
2918407;10;291840;3
2919157;1;291915;NA
2919207;17;291920;5
2919306;1;291930;NA
2919405;1;291940;NA
2919504;3;291950;NA
2919553;9;291955;7
2919702;1;291970;NA
2919801;3;291980;NA
2919926;2;291992;NA
2920007;1;292000;NA
2920106;1;292010;NA
2920304;1;292030;NA
2920502;2;292050;NA
2920601;2;292060;1
2921005;2;292100;NA
2921104;4;292110;1
2921203;2;292120;1
2921500;4;292150;1
2921708;4;292170;NA
2921807;1;292180;NA
2921906;1;292190;NA
2922003;3;292200;2
2922102;3;292210;NA
2922300;2;292230;NA
2922409;1;292240;NA
2922508;3;292250;1
2922607;1;292260;NA
2922706;1;292270;NA
2922904;2;292290;NA
2923001;3;292300;1
2923100;1;292310;NA
2923209;1;292320;1
2923407;2;292340;NA
2923506;1;292350;NA
2923605;3;292360;NA
2923704;1;292370;NA
2923803;1;292380;NA
2924009;8;292400;2
2924207;1;292420;NA
2924306;1;292430;NA
2924405;1;292440;NA
2924603;1;292460;NA
2924801;1;292480;1
2924900;1;292490;NA
2925006;1;292500;NA
2925105;3;292510;1
2925204;2;292520;NA
2925303;8;292530;2
2925402;1;292540;NA
2925501;2;292550;1
2925600;1;292560;NA
2925709;1;292570;NA
2925758;1;292575;NA
2925808;1;292580;1
2925907;1;292590;NA
2926004;3;292600;NA
2926202;2;292620;NA
2926301;3;292630;NA
2926400;3;292640;NA
2926608;3;292660;2
2926707;1;292670;NA
2926806;1;292680;NA
2926905;1;292690;NA
2927002;3;292700;1
2927200;3;292720;1
2927408;195;292740;23
2927606;1;292760;NA
2927705;2;292770;NA
2928000;3;292800;2
2928109;4;292810;NA
2928208;3;292820;NA
2928406;2;292840;1
2928604;4;292860;NA
2928703;7;292870;3
2928802;3;292880;NA
2928901;2;292890;1
2929008;1;292900;NA
2929206;2;292920;NA
2929305;2;292930;NA
2929503;3;292950;NA
2929602;1;292960;NA
2929800;2;292980;NA
2929909;4;292990;1
2930105;5;293010;2
2930154;2;293015;NA
2930204;1;293020;NA
2930303;1;293030;NA
2930402;1;293040;NA
2930501;5;293050;2
2930709;6;293070;1
2930774;1;293077;NA
2931004;1;293100;NA
2931202;1;293120;NA
2931301;1;293130;NA
2931350;8;293135;6
2931608;1;293160;NA
2931905;4;293190;2
2932002;2;293200;NA
2932200;2;293220;NA
2932309;2;293230;NA
2932507;1;293250;NA
2932606;1;293260;NA
2932705;1;293270;NA
2932804;1;293280;1
2932903;5;293290;1
2933000;1;293300;NA
2933208;2;293320;NA
2933307;15;293330;12
2933406;1;293340;NA
2933455;1;293345;NA
2933604;4;293360;NA
3100203;3;310020;2
3100302;1;310030;1
3100609;1;310060;1
3100906;4;310090;1
3101003;1;310100;NA
3101102;4;310110;2
3101201;1;310120;1
3101508;4;310150;1
3101607;6;310160;6
3101706;5;310170;1
3101904;2;310190;1
3102001;1;310200;4
3102100;1;310210;1
3102308;2;310230;1
3102605;4;310260;5
3102704;1;310270;NA
3102803;1;310280;1
3103009;1;310300;1
3103405;4;310340;1
3103504;5;310350;10
3103751;1;310375;1
3103900;1;310390;1
3104007;6;310400;9
3104106;1;310410;2
3104205;4;310420;4
3104304;1;310430;2
3104502;2;310450;2
3104601;1;310460;2
3104700;1;310470;1
3104908;1;310490;2
3105103;3;310510;2
3105400;4;310540;2
3105608;8;310560;6
3105905;2;310590;1
3106002;1;310600;1
3106200;273;310620;122
3106309;3;310630;4
3106507;1;310650;NA
3106705;15;310670;16
3106903;3;310690;2
3107109;4;310710;2
3107307;5;310730;5
3107406;5;310740;6
3107604;1;310760;1
3107802;1;310780;1
3108008;2;310800;NA
3108107;2;310810;1
3108206;1;310820;1
3108305;2;310830;2
3108404;2;310840;2
3108552;2;310855;2
3108602;3;310860;1
3108909;1;310890;1
3109006;4;310900;3
3109105;1;310910;1
3109204;1;310920;2
3109303;3;310930;2
3109402;2;310940;1
3109501;1;310950;2
3109600;1;310960;1
3109709;1;310970;1
3110004;4;311000;2
3110301;2;311030;2
3110509;5;311050;2
3110608;4;311060;2
3110707;1;311070;1
3110806;1;311080;NA
3110905;3;311090;2
3111002;3;311100;2
3111101;3;311110;1
3111200;5;311120;4
3111408;1;311140;1
3111507;2;311150;1
3111606;2;311160;3
3111804;1;311180;2
3112000;1;311200;2
3112307;4;311230;2
3112604;2;311260;1
3113206;4;311320;3
3113305;3;311330;4
3113404;5;311340;3
3113503;1;311350;1
3113701;3;311370;NA
3113909;1;311390;1
3114006;1;311400;1
3114204;1;311420;3
3114303;4;311430;4
3114402;3;311440;1
3114501;2;311450;2
3114550;1;311455;1
3115102;2;311510;3
3115300;5;311530;3
3115508;4;311550;2
3115805;1;311580;1
3116100;1;311610;1
3116605;2;311660;2
3116704;1;311670;1
3116803;1;311680;1
3117108;1;311710;2
3117306;4;311730;2
3117504;2;311750;3
3117603;1;311760;1
3117702;2;311770;1
3117801;1;311780;1
3117900;1;311790;1
3118007;5;311800;2
3118205;2;311820;1
3118304;6;311830;7
3118403;2;311840;3
3118601;34;311860;20
3118700;1;311870;1
3118809;1;311880;1
3119104;3;311910;2
3119203;1;311920;1
3119302;4;311930;5
3119401;7;311940;7
3120201;1;312020;1
3120508;1;312050;1
3120706;1;312070;1
3120805;3;312080;1
3120904;5;312090;6
3121001;1;312100;NA
3121100;1;312110;1
3121407;1;312140;1
3121605;6;312160;2
3122009;3;312200;3
3122306;14;312230;18
3122454;1;312245;NA
3122504;1;312250;1
3122702;1;312270;1
3122900;1;312290;1
3123205;2;312320;1
3123601;4;312360;2
3123858;1;312385;NA
3123908;2;312390;2
3124005;1;312400;3
3124104;2;312410;1
3124203;2;312420;3
3124302;3;312430;1
3124500;1;312450;1
3124807;1;312480;1
3124906;1;312490;2
3125101;5;312510;4
3126109;5;312610;6
3126703;3;312670;1
3127008;1;312700;1
3127107;5;312710;6
3127602;1;312760;1
3127701;16;312770;14
3127800;1;312780;1
3128006;4;312800;2
3128204;1;312820;1
3128303;2;312830;3
3128402;1;312840;NA
3128600;1;312860;2
3128709;5;312870;5
3128907;1;312890;3
3129103;1;312910;1
3129202;1;312920;1
3129301;1;312930;1
3129509;4;312950;3
3129707;1;312970;2
3129806;4;312980;5
3130101;3;313010;2
3130705;1;313070;1
3130903;3;313090;2
3131208;2;313120;1
3131307;19;313130;21
3131505;1;313150;1
3131604;1;313160;1
3131703;6;313170;6
3131802;1;313180;1
3131901;5;313190;2
3132107;1;313210;NA
3132206;2;313220;1
3132305;1;313230;1
3132404;8;313240;7
3132503;2;313250;2
3132701;1;313270;2
3132909;1;313290;2
3133006;3;313300;1
3133105;2;313310;3
3133204;1;313320;1
3133303;1;313330;1
3133402;1;313340;1
3133501;3;313350;1
3133709;1;313370;1
3133758;3;313375;2
3133808;5;313380;3
3134202;6;313420;5
3134400;5;313440;3
3134608;1;313460;2
3134707;1;313470;NA
3134806;1;313480;1
3134905;3;313490;3
3135050;4;313505;2
3135100;6;313510;5
3135209;6;313520;2
3135506;1;313550;2
3135605;1;313560;NA
3135803;3;313580;1
3136009;2;313600;1
3136207;6;313620;4
3136306;3;313630;6
3136603;1;313660;1
3136652;3;313665;2
3136702;43;313670;25
3137007;1;313700;NA
3137106;1;313710;2
3137205;5;313720;3
3137403;1;313740;2
3137502;1;313750;2
3137601;5;313760;3
3137700;1;313770;NA
3137809;3;313780;1
3138203;6;313820;6
3138401;5;313840;4
3138500;1;313850;NA
3138609;2;313860;1
3138625;1;313862;1
3138807;3;313880;2
3138906;1;313890;1
3139003;5;313900;3
3139201;2;313920;1
3139300;1;313930;NA
3139409;6;313940;6
3139508;2;313950;2
3139607;3;313960;1
3139706;1;313970;1
3139805;1;313980;2
3139904;1;313990;1
3140001;5;314000;4
3140506;2;314050;3
3140555;1;314055;NA
3140704;3;314070;1
3140803;2;314080;2
3140902;2;314090;1
3141009;2;314100;1
3141108;4;314110;3
3141405;3;314140;NA
3141504;1;314150;1
3141603;1;314160;1
3141801;1;314180;1
3142106;1;314210;2
3142205;1;314220;2
3142304;1;314230;NA
3142403;1;314240;2
3142601;2;314260;1
3142700;1;314270;NA
3142809;2;314280;3
3142908;2;314290;1
3143005;1;314300;2
3143104;4;314310;6
3143203;3;314320;3
3143302;16;314330;19
3143401;3;314340;3
3143500;1;314350;2
3143807;1;314380;1
3143906;6;314390;10
3144003;2;314400;2
3144102;3;314410;3
3144300;5;314430;1
3144409;1;314440;1
3144508;1;314450;1
3144607;4;314460;1
3144706;2;314470;1
3144805;10;314480;7
3145000;2;314500;1
3145109;1;314510;3
3145208;5;314520;7
3145307;1;314530;1
3145604;5;314560;4
3145901;5;314590;3
3146008;4;314600;2
3146107;6;314610;5
3146305;1;314630;1
3146701;1;314670;1
3146750;1;314675;NA
3146909;2;314690;2
3147006;5;314700;7
3147105;5;314710;11
3147204;2;314720;2
3147303;3;314730;2
3147402;2;314740;2
3147600;2;314760;1
3147709;1;314770;1
3147907;6;314790;11
3148004;9;314800;12
3148103;5;314810;7
3148301;1;314830;1
3148509;1;314850;1
3148608;1;314860;1
3148707;2;314870;1
3149101;1;314910;1
3149309;3;314930;3
3149705;1;314970;2
3149804;2;314980;1
3149903;4;314990;2
3150604;1;315060;1
3150703;1;315070;1
3150802;1;315080;1
3151107;1;315110;1
3151206;6;315120;2
3151404;3;315140;1
3151503;4;315150;5
3151602;1;315160;1
3151701;2;315170;2
3151800;14;315180;9
3151909;1;315190;1
3152006;2;315200;3
3152105;5;315210;6
3152204;3;315220;1
3152402;1;315240;1
3152501;11;315250;12
3152808;3;315280;4
3152907;1;315290;1
3153400;2;315340;2
3153509;1;315350;2
3154002;2;315400;NA
3154200;1;315420;1
3154309;2;315430;2
3154457;1;315445;1
3154606;7;315460;5
3154705;1;315470;1
3154903;2;315490;2
3155108;1;315510;1
3155504;2;315550;2
3155603;1;315560;NA
3155702;1;315570;1
3155801;2;315580;1
3155900;1;315590;NA
3156007;1;315600;1
3156601;1;315660;NA
3156700;6;315670;3
3156809;1;315680;1
3156908;4;315690;1
3157005;4;315700;1
3157104;1;315710;NA
3157203;3;315720;2
3157708;1;315770;3
3157807;9;315780;4
3157906;1;315790;2
3158003;1;315800;1
3158201;1;315820;1
3158300;1;315830;1
3158805;1;315880;1
3158953;1;315895;3
3159209;1;315920;2
3159605;4;315960;3
3159803;2;315980;2
3159902;2;315990;2
3160306;1;316030;1
3160405;2;316040;4
3160702;4;316070;3
3161007;2;316100;1
3161106;4;316110;1
3161700;1;316170;2
3161809;1;316180;1
3161908;1;316190;2
3162005;4;316200;2
3162104;5;316210;3
3162401;2;316240;NA
3162500;5;316250;5
3162575;1;316257;1
3162708;1;316270;1
3162807;2;316280;1
3162906;2;316290;4
3162948;1;316294;2
3162955;2;316295;2
3163300;1;316330;NA
3163409;1;316340;1
3163508;1;316350;1
3163706;5;316370;5
3164100;1;316410;NA
3164506;1;316450;1
3164704;5;316470;6
3165008;1;316500;2
3165537;3;316553;3
3165701;1;316570;1
3166709;1;316670;NA
3166808;2;316680;3
3167103;2;316710;2
3167202;12;316720;11
3167608;1;316760;2
3168002;3;316800;1
3168309;1;316830;NA
3168408;1;316840;1
3168507;1;316850;1
3168606;7;316860;5
3168705;6;316870;7
3168804;1;316880;1
3168903;1;316890;1
3169000;2;316900;1
3169208;1;316920;1
3169307;5;316930;4
3169356;3;316935;2
3169406;5;316940;4
3169505;1;316950;NA
3169604;3;316960;3
3169703;1;316970;1
3169901;7;316990;5
3170008;1;317000;NA
3170057;1;317005;1
3170107;26;317010;20
3170206;50;317020;39
3170404;5;317040;5
3170503;1;317050;1
3170701;14;317070;8
3170800;2;317080;3
3170909;1;317090;1
3171006;3;317100;2
3171204;5;317120;3
3171303;5;317130;4
3171501;1;317150;NA
3171600;1;317160;1
3171709;1;317170;1
3171808;1;317180;3
3172004;4;317200;3
3200102;3;320010;3
3200169;1;320016;NA
3200201;3;320020;2
3200300;3;320030;1
3200359;1;320035;NA
3200409;3;320040;2
3200508;1;320050;1
3200607;6;320060;3
3200706;1;320070;1
3200805;4;320080;2
3200904;4;320090;2
3201001;1;320100;2
3201100;1;320110;1
3201159;2;320115;2
3201209;12;320120;13
3201308;14;320130;13
3201407;4;320140;4
3201506;9;320150;7
3201605;2;320160;1
3201704;2;320170;2
3201902;4;320190;5
3202009;1;320200;2
3202108;2;320210;1
3202207;1;320220;1
3202306;4;320230;2
3202405;8;320240;6
3202454;3;320245;1
3202504;2;320250;1
3202603;3;320260;2
3202652;1;320265;2
3202702;2;320270;1
3202801;3;320280;3
3202900;2;320290;2
3203007;3;320300;2
3203056;2;320305;3
3203106;1;320310;2
3203130;3;320313;1
3203205;10;320320;6
3203304;1;320330;2
3203320;3;320332;2
3203346;3;320334;2
3203353;1;320335;3
3203403;3;320340;2
3203502;3;320350;2
3203700;2;320370;4
3203809;3;320380;2
3203908;4;320390;3
3204005;2;320400;3
3204054;2;320405;1
3204104;4;320410;3
3204203;2;320420;2
3204302;3;320430;2
3204351;1;320435;3
3204401;1;320440;2
3204500;2;320450;1
3204559;3;320455;4
3204609;4;320460;2
3204708;3;320470;3
3204807;2;320480;1
3204906;7;320490;4
3204955;2;320495;1
3205002;26;320500;8
3205010;2;320501;2
3205036;3;320503;3
3205069;4;320506;4
3205101;5;320510;3
3205176;1;320517;3
3205200;31;320520;15
3205309;61;320530;22
3300100;9;330010;3
3300159;1;330015;NA
3300209;6;330020;3
3300225;1;330022;NA
3300233;4;330023;2
3300258;2;330025;NA
3300308;5;330030;3
3300407;8;330040;4
3300456;11;330045;NA
3300506;4;330050;2
3300605;3;330060;2
3300704;12;330070;7
3300803;3;330080;2
3300902;2;330090;NA
3300936;1;330093;NA
3300951;1;330095;NA
3301009;25;330100;12
3301108;3;330110;1
3301157;1;330115;1
3301207;3;330120;NA
3301306;3;330130;1
3301405;2;330140;1
3301504;4;330150;2
3301603;1;330160;NA
3301702;35;330170;3
3301801;2;330180;NA
3301850;3;330185;1
3301876;1;330187;1
3301900;9;330190;1
3302007;7;330200;2
3302056;3;330205;1
3302106;4;330210;1
3302205;7;330220;5
3302254;3;330225;2
3302270;1;330227;NA
3302403;22;330240;5
3302452;2;330245;NA
3302502;11;330250;NA
3302601;2;330260;NA
3302700;7;330270;3
3302809;4;330280;1
3302858;6;330285;NA
3302908;5;330290;1
3303005;3;330300;NA
3303104;3;330310;NA
3303203;9;330320;NA
3303302;63;330330;13
3303401;12;330340;7
3303500;30;330350;5
3303609;4;330360;2
3303708;4;330370;1
3303807;6;330380;1
3303856;3;330385;1
3303906;26;330390;7
3303955;3;330395;1
3304003;3;330400;1
3304102;3;330410;1
3304110;2;330411;1
3304128;2;330412;1
3304144;6;330414;NA
3304151;3;330415;NA
3304201;11;330420;7
3304300;5;330430;2
3304409;2;330440;1
3304508;1;330450;NA
3304524;8;330452;3
3304557;707;330455;56
3304607;1;330460;NA
3304706;5;330470;3
3304755;4;330475;5
3304805;4;330480;2
3304904;29;330490;4
3305000;3;330500;1
3305109;15;330510;1
3305133;1;330513;NA
3305158;2;330515;1
3305208;5;330520;1
3305307;1;330530;NA
3305406;2;330540;1
3305505;6;330550;2
3305554;4;330555;NA
3305604;2;330560;NA
3305703;2;330570;NA
3305752;2;330575;NA
3305802;11;330580;7
3305901;1;330590;NA
3306008;6;330600;3
3306107;6;330610;2
3306156;2;330615;1
3306206;3;330620;2
3306305;26;330630;9
3500105;5;350010;4
3500204;1;350020;NA
3500303;5;350030;2
3500501;5;350050;1
3500550;2;350055;NA
3500600;2;350060;NA
3500709;4;350070;2
3501004;3;350100;3
3501152;1;350115;NA
3501202;1;350120;NA
3501301;3;350130;2
3501608;25;350160;7
3501707;5;350170;2
3501806;1;350180;NA
3501905;6;350190;4
3502101;6;350210;3
3502200;3;350220;1
3502507;5;350250;1
3502606;1;350260;NA
3502705;4;350270;2
3502804;26;350280;12
3502903;1;350290;1
3503000;1;350300;NA
3503109;1;350310;NA
3503208;23;350320;14
3503307;8;350330;6
3503406;1;350340;NA
3503604;1;350360;NA
3503703;1;350370;NA
3503802;4;350380;3
3503901;7;350390;4
3504008;8;350400;9
3504107;13;350410;5
3504206;5;350420;NA
3504404;2;350440;NA
3504503;6;350450;5
3504602;2;350460;1
3504800;1;350480;NA
3504909;2;350490;1
3505203;5;350520;1
3505302;6;350530;1
3505401;1;350540;NA
3505500;9;350550;10
3505609;4;350560;1
3505708;44;350570;10
3505807;5;350580;3
3505906;6;350590;5
3506003;34;350600;18
3506102;8;350610;6
3506300;2;350630;1
3506359;4;350635;2
3506409;2;350640;NA
3506508;8;350650;5
3506607;2;350660;1
3506706;2;350670;1
3506805;2;350680;NA
3506904;1;350690;1
3507001;5;350700;5
3507100;3;350710;2
3507407;3;350740;1
3507506;13;350750;8
3507605;10;350760;6
3507803;4;350780;3
3507902;4;350790;2
3508009;2;350800;1
3508108;4;350810;1
3508207;1;350820;1
3508306;1;350830;NA
3508405;3;350840;2
3508504;6;350850;4
3508603;4;350860;1
3508702;2;350870;3
3508801;4;350880;NA
3509007;6;350900;NA
3509205;6;350920;2
3509254;4;350925;2
3509304;1;350930;1
3509403;4;350940;1
3509502;161;350950;37
3509601;5;350960;1
3509700;6;350970;4
3509908;1;350990;NA
3510005;4;351000;4
3510104;1;351010;NA
3510203;4;351020;3
3510401;5;351040;4
3510500;7;351050;3
3510609;10;351060;1
3510708;2;351070;NA
3510807;4;351080;4
3511003;3;351100;1
3511102;11;351110;5
3511300;2;351130;NA
3511409;4;351140;2
3511508;4;351150;2
3511607;3;351160;2
3511706;3;351170;2
3511904;1;351190;NA
3512001;2;351200;2
3512100;1;351210;NA
3512209;4;351220;4
3512308;1;351230;1
3512407;3;351240;2
3512704;1;351270;NA
3512803;5;351280;2
3512902;1;351290;NA
3513009;16;351300;4
3513108;4;351310;3
3513405;6;351340;4
3513504;8;351350;2
3513603;3;351360;3
3513702;5;351370;1
3513801;26;351380;4
3513900;1;351390;3
3514106;4;351410;1
3514304;1;351430;1
3514403;6;351440;3
3514502;3;351450;NA
3514700;1;351470;NA
3514809;1;351480;2
3514908;1;351490;2
3515004;8;351500;2
3515103;5;351510;NA
3515152;1;351515;2
3515186;6;351518;3
3515194;1;351519;NA
3515202;3;351520;1
3515400;3;351540;2
3515509;7;351550;3
3515608;1;351560;NA
3515707;6;351570;4
3516002;1;351600;NA
3516101;1;351610;1
3516200;28;351620;26
3516309;5;351630;NA
3516408;6;351640;NA
3516606;1;351660;NA
3516705;6;351670;3
3516804;1;351680;NA
3516903;3;351690;1
3517000;1;351700;NA
3517307;1;351730;NA
3517406;5;351740;4
3517505;3;351750;NA
3517604;1;351760;1
3517703;3;351770;2
3517802;2;351780;1
3517901;1;351790;NA
3518206;5;351820;2
3518305;4;351830;1
3518404;8;351840;7
3518602;4;351860;3
3518701;16;351870;5
3518800;76;351880;16
3519006;2;351900;1
3519055;4;351905;2
3519071;11;351907;4
3519105;1;351910;NA
3519253;1;351925;1
3519303;4;351930;2
3519501;1;351950;1
3519600;5;351960;2
3519709;5;351970;2
3519808;2;351980;NA
3519907;2;351990;1
3520004;3;352000;NA
3520103;5;352010;3
3520301;4;352030;2
3520400;5;352040;2
3520442;4;352044;3
3520509;24;352050;13
3520707;2;352070;NA
3520905;3;352090;2
3521002;2;352100;1
3521101;1;352110;1
3521309;2;352130;2
3521408;4;352140;2
3521507;1;352150;NA
3521606;1;352160;NA
3521705;3;352170;2
3521804;4;352180;3
3521903;2;352190;1
3522109;6;352210;2
3522208;7;352220;1
3522307;9;352230;7
3522406;5;352240;6
3522505;6;352250;NA
3522604;6;352260;3
3522703;6;352270;2
3522802;3;352280;2
3522901;1;352290;NA
3523107;11;352310;3
3523206;5;352320;3
3523305;2;352330;NA
3523404;8;352340;5
3523503;3;352350;1
3523602;3;352360;NA
3523800;1;352380;2
3523909;14;352390;8
3524006;5;352400;3
3524105;6;352410;2
3524204;1;352420;1
3524303;7;352430;5
3524402;12;352440;5
3524600;4;352460;1
3524709;6;352470;6
3524808;6;352480;3
3525003;5;352500;1
3525102;5;352510;4
3525201;4;352520;2
3525300;11;352530;5
3525508;1;352550;1
3525706;5;352570;2
3525904;47;352590;19
3526001;4;352600;1
3526100;2;352610;NA
3526209;2;352620;NA
3526407;4;352640;3
3526506;1;352650;NA
3526704;6;352670;5
3526803;5;352680;3
3526902;20;352690;13
3527108;8;352710;4
3527207;6;352720;2
3527306;3;352730;3
3527405;3;352740;1
3527603;4;352760;1
3527702;1;352770;NA
3528007;3;352800;1
3528106;2;352810;NA
3528304;1;352830;NA
3528403;5;352840;1
3528502;5;352850;1
3528601;2;352860;2
3528809;2;352880;2
3529005;27;352900;14
3529203;4;352920;1
3529302;6;352930;4
3529401;16;352940;5
3529500;1;352950;NA
3529708;3;352970;1
3529807;1;352980;NA
3529906;2;352990;1
3530102;4;353010;1
3530201;3;353020;1
3530300;6;353030;3
3530508;6;353050;5
3530607;33;353060;8
3530706;11;353070;6
3530805;8;353080;4
3531100;4;353110;2
3531308;6;353130;3
3531407;5;353140;2
3531506;3;353150;2
3531704;1;353170;NA
3531803;5;353180;2
3531902;4;353190;4
3532009;3;353200;2
3532405;1;353240;NA
3532504;2;353250;NA
3532603;3;353260;1
3532801;1;353280;NA
3533007;4;353300;2
3533403;5;353340;3
3533502;5;353350;2
3533601;1;353360;2
3533700;1;353370;1
3533908;6;353390;2
3534203;1;353420;NA
3534302;6;353430;3
3534401;101;353440;10
3534500;1;353450;NA
3534609;5;353460;3
3534708;8;353470;5
3534757;2;353475;1
3534807;1;353480;NA
3534906;2;353490;1
3535002;2;353500;1
3535200;3;353520;1
3535309;4;353530;2
3535408;3;353540;1
3535507;5;353550;2
3535606;3;353560;2
3535705;1;353570;1
3535804;2;353580;3
3535903;1;353590;NA
3536000;1;353600;NA
3536109;1;353610;NA
3536208;4;353620;1
3536307;1;353630;2
3536505;8;353650;6
3536604;2;353660;1
3536703;5;353670;1
3537008;3;353700;3
3537107;5;353710;1
3537156;1;353715;2
3537305;6;353730;5
3537404;4;353740;1
3537602;6;353760;2
3537701;1;353770;NA
3537800;5;353780;3
3537909;3;353790;2
3538006;9;353800;5
3538105;2;353810;NA
3538204;2;353820;2
3538501;2;353850;1
3538600;6;353860;2
3538709;43;353870;20
3538808;6;353880;3
3538907;4;353890;NA
3539004;2;353900;2
3539103;1;353910;NA
3539202;5;353920;2
3539301;7;353930;5
3539400;1;353940;NA
3539509;4;353950;4
3539806;5;353980;3
3539905;1;353990;NA
3540002;4;354000;2
3540101;1;354010;NA
3540200;5;354020;2
3540507;1;354050;1
3540606;5;354060;3
3540705;5;354070;5
3540754;1;354075;NA
3540804;3;354080;NA
3540903;3;354090;1
3541000;16;354100;5
3541208;2;354120;1
3541307;5;354130;3
3541406;23;354140;12
3541505;5;354150;3
3541604;5;354160;2
3541703;3;354170;2
3541901;1;354190;1
3542206;5;354220;2
3542305;1;354230;NA
3542404;3;354240;3
3542503;1;354250;NA
3542602;6;354260;2
3542909;1;354290;2
3543303;7;354330;2
3543402;97;354340;37
3543709;1;354370;NA
3543808;1;354380;1
3543907;17;354390;11
3544004;4;354400;2
3544103;1;354410;NA
3544202;1;354420;NA
3544251;2;354425;1
3544301;1;354430;NA
3544608;1;354460;NA
3544806;1;354480;NA
3544905;2;354490;2
3545001;3;354500;1
3545209;7;354520;4
3545308;3;354530;2
3545407;1;354540;1
3545605;4;354560;1
3545704;1;354570;1
3545803;10;354580;6
3546207;1;354620;1
3546306;4;354630;3
3546405;5;354640;5
3546504;1;354650;NA
3546603;5;354660;2
3546702;3;354670;2
3546801;5;354680;1
3546900;1;354690;NA
3547007;1;354700;NA
3547304;9;354730;2
3547403;1;354740;NA
3547502;5;354750;1
3547601;4;354760;3
3547700;4;354770;1
3547809;62;354780;13
3548005;4;354800;2
3548203;1;354820;3
3548302;1;354830;NA
3548401;1;354840;NA
3548500;62;354850;13
3548609;2;354860;2
3548708;69;354870;12
3548807;34;354880;3
3548906;24;354890;11
3549102;6;354910;5
3549409;6;354940;2
3549508;1;354950;1
3549706;6;354970;3
3549805;56;354980;21
3549904;60;354990;29
3549953;1;354995;NA
3550001;2;355000;1
3550100;5;355010;2
3550209;4;355020;2
3550308;1513;355030;113
3550407;6;355040;2
3550605;6;355060;3
3550704;7;355070;1
3550803;3;355080;2
3550902;3;355090;1
3551009;15;355100;3
3551405;1;355140;NA
3551504;4;355150;2
3551603;5;355160;2
3551702;9;355170;7
3551801;1;355180;1
3551900;2;355190;1
3552007;1;355200;NA
3552106;5;355210;2
3552205;61;355220;21
3552304;1;355230;NA
3552403;15;355240;7
3552502;13;355250;3
3552601;2;355260;NA
3552700;2;355270;2
3552809;15;355280;1
3552908;1;355290;1
3553104;1;355310;NA
3553302;3;355330;2
3553401;5;355340;1
3553609;2;355360;2
3553708;6;355370;3
3553807;4;355380;2
3553906;1;355390;NA
3553955;1;355395;2
3554003;7;355400;5
3554102;26;355410;13
3554300;4;355430;1
3554409;1;355440;1
3554508;5;355450;3
3554706;1;355470;NA
3554805;3;355480;1
3555000;6;355500;4
3555109;3;355510;1
3555406;5;355540;3
3555505;1;355550;NA
3555604;2;355560;NA
3555802;2;355580;NA
3556008;3;355600;2
3556107;2;355610;2
3556206;11;355620;5
3556305;3;355630;1
3556404;5;355640;3
3556453;4;355645;NA
3556503;5;355650;3
3556602;1;355660;1
3556701;8;355670;3
3556800;2;355680;3
3556909;1;355690;2
3557006;6;355700;2
3557105;10;355710;4
3557204;2;355720;2
3557303;1;355730;1
4100103;1;410010;1
4100202;1;410020;NA
4100301;1;410030;1
4100400;4;410040;2
4100509;4;410050;3
4100608;1;410060;3
4100707;1;410070;1
4100806;1;410080;3
4101002;3;410100;3
4101101;3;410110;2
4101200;2;410120;NA
4101408;9;410140;11
4101507;9;410150;9
4101606;3;410160;3
4101705;2;410170;3
4101804;8;410180;4
4101903;4;410190;2
4102000;5;410200;5
4102109;3;410210;4
4102307;2;410230;1
4102406;4;410240;2
4102505;2;410250;4
4102604;1;410260;3
4102802;3;410280;3
4102901;2;410290;3
4103008;1;410300;2
4103305;1;410330;2
4103453;2;410345;5
4103602;3;410360;2
4103701;5;410370;6
4103800;1;410380;1
4103909;2;410390;2
4104006;2;410400;2
4104204;6;410420;6
4104253;1;410425;NA
4104303;9;410430;10
4104402;1;410440;4
4104428;2;410442;4
4104501;3;410450;3
4104600;2;410460;3
4104659;3;410465;3
4104709;2;410470;3
4104808;28;410480;35
4104907;5;410490;9
4105003;1;410500;3
4105102;2;410510;2
4105201;1;410520;1
4105300;1;410530;3
4105409;4;410540;4
4105508;6;410550;11
4105607;2;410560;2
4105706;2;410570;3
4105805;9;410580;7
4105904;4;410590;3
4106209;2;410620;3
4106308;3;410630;3
4106407;6;410640;5
4106506;3;410650;6
4106605;3;410660;2
4106704;1;410670;NA
4106803;2;410680;3
4106902;229;410690;68
4107108;1;410710;1
4107207;4;410720;11
4107256;1;410725;2
4107306;1;410730;1
4107504;3;410750;3
4107538;1;410753;2
4107603;3;410760;3
4107652;6;410765;4
4107702;1;410770;2
4107751;1;410775;1
4108007;1;410800;NA
4108205;1;410820;2
4108304;16;410830;20
4108403;6;410840;22
4108601;3;410860;5
4108700;1;410870;2
4108809;3;410880;3
4109302;2;410930;3
4109401;10;410940;21
4109609;4;410960;4
4109708;4;410970;3
4109807;4;410980;3
4109906;2;410990;2
4110003;1;411000;NA
4110102;4;411010;3
4110201;1;411020;1
4110508;1;411050;2
4110607;3;411060;2
4110706;5;411070;8
4110805;2;411080;3
4110904;1;411090;NA
4111209;1;411120;3
4111258;1;411125;2
4111308;1;411130;NA
4111407;1;411140;2
4111506;4;411150;6
4111803;3;411180;4
4111902;3;411190;3
4112009;3;411200;2
4112108;4;411210;3
4112207;1;411220;1
4112405;1;411240;2
4112504;2;411250;4
4112702;1;411270;2
4112801;2;411280;3
4112959;1;411295;3
4113205;5;411320;6
4113304;3;411330;7
4113502;4;411350;3
4113700;62;411370;46
4113908;2;411390;2
4114005;2;411400;3
4114104;4;411410;2
4114203;4;411420;4
4114302;2;411430;2
4114401;3;411440;4
4114500;2;411450;4
4114609;4;411460;12
4114807;3;411480;4
4114906;1;411490;2
4115101;1;411510;2
4115200;40;411520;41
4115358;1;411535;5
4115408;2;411540;5
4115606;2;411560;6
4115705;4;411570;3
4115754;1;411575;2
4115804;4;411580;10
4116059;1;411605;4
4116109;2;411610;2
4116208;3;411620;2
4116703;2;411670;4
4116802;1;411680;2
4116901;4;411690;3
4117008;1;411700;2
4117057;1;411705;3
4117107;4;411710;3
4117206;1;411720;2
4117222;1;411722;4
4117255;1;411725;3
4117305;1;411730;3
4117503;2;411750;3
4117602;4;411760;7
4117701;3;411770;4
4117800;2;411780;4
4117909;4;411790;7
4118006;2;411800;3
4118105;2;411810;1
4118204;8;411820;5
4118402;5;411840;13
4118501;8;411850;19
4118907;2;411890;2
4119103;2;411910;2
4119152;9;411915;3
4119202;1;411920;1
4119301;2;411930;5
4119400;3;411940;3
4119509;3;411950;3
4119608;4;411960;4
4119806;1;411980;3
4119905;26;411990;26
4119954;2;411995;5
4120002;2;412000;1
4120101;1;412010;1
4120507;2;412050;2
4120606;4;412060;8
4120705;1;412070;1
4120804;3;412080;1
4120853;1;412085;2
4120903;4;412090;5
4121109;1;412110;1
4121406;4;412140;5
4121505;2;412150;3
4121703;2;412170;4
4121802;1;412180;2
4121901;2;412190;1
4122008;2;412200;3
4122156;1;412215;4
4122206;3;412220;2
4122305;3;412230;3
4122404;5;412240;5
4122503;2;412250;3
4122602;2;412260;1
4122651;1;412265;1
4122909;1;412290;NA
4123006;2;412300;3
4123204;1;412320;1
4123303;1;412330;2
4123402;1;412340;3
4123501;3;412350;9
4123709;1;412370;3
4123808;1;412380;3
4123907;1;412390;2
4124053;2;412405;3
4124103;4;412410;4
4124400;3;412440;3
4124509;1;412450;1
4124707;1;412470;1
4124806;2;412480;3
4125001;2;412500;3
4125100;1;412510;4
4125506;21;412550;13
4125605;4;412560;5
4125704;3;412570;7
4125803;1;412580;1
4126009;1;412600;2
4126256;5;412625;4
4126306;2;412630;1
4126405;1;412640;2
4126504;4;412650;3
4126603;4;412660;2
4126801;2;412680;2
4126900;1;412690;2
4127106;5;412710;3
4127205;3;412720;2
4127304;2;412730;3
4127403;2;412740;3
4127502;2;412750;2
4127601;2;412760;1
4127700;9;412770;34
4127809;1;412780;1
4127858;1;412785;3
4127957;1;412795;4
4127965;1;412796;2
4128005;5;412800;3
4128104;7;412810;12
4128203;5;412820;9
4128401;2;412840;1
4128500;3;412850;3
4128559;1;412855;3
4128609;1;412860;3
4200101;2;420010;6
4200200;1;420020;4
4200408;1;420040;4
4200705;1;420070;3
4200804;1;420080;3
4200903;1;420090;2
4201000;1;420100;3
4201208;2;420120;3
4201307;2;420130;6
4201406;6;420140;7
4201604;1;420160;2
4201703;1;420170;3
4201802;1;420180;3
4201901;1;420190;3
4202008;14;420200;16
4202107;2;420210;5
4202305;3;420230;3
4202404;44;420240;58
4202453;1;420245;4
4202503;1;420250;2
4202602;1;420260;3
4202800;3;420280;5
4202909;10;420290;20
4203006;8;420300;5
4203204;3;420320;5
4203402;1;420340;3
4203501;2;420350;4
4203600;3;420360;6
4203808;4;420380;7
4203907;2;420390;5
4203956;2;420395;1
4204004;2;420400;4
4204103;1;420410;2
4204202;22;420420;41
4204251;3;420425;2
4204301;8;420430;19
4204400;1;420440;3
4204509;2;420450;4
4204558;1;420455;3
4204608;23;420460;20
4204707;2;420470;3
4204806;5;420480;5
4204905;1;420490;3
4205001;2;420500;4
4205308;2;420530;4
4205407;74;420540;59
4205456;2;420545;2
4205506;4;420550;4
4205605;1;420560;3
4205704;3;420570;4
4205803;1;420580;3
4205902;5;420590;15
4206009;1;420600;2
4206207;1;420620;1
4206306;1;420630;4
4206405;1;420640;3
4206504;4;420650;9
4206702;2;420670;4
4206900;2;420690;8
4207007;5;420700;6
4207106;1;420710;4
4207205;1;420720;1
4207304;5;420730;7
4207403;1;420740;3
4207502;3;420750;11
4207650;1;420765;3
4207700;1;420770;3
4207908;1;420790;3
4208005;1;420800;3
4208104;3;420810;4
4208203;21;420820;32
4208302;6;420830;9
4208401;2;420840;3
4208450;2;420845;4
4208500;3;420850;8
4208609;1;420860;3
4208708;1;420870;2
4208807;2;420880;4
4208906;13;420890;26
4209003;8;420900;9
4209102;49;420910;58
4209300;12;420930;21
4209409;2;420940;2
4209508;1;420950;3
4209607;2;420960;2
4209805;1;420980;2
4209904;1;420990;4
4210001;1;421000;2
4210100;4;421010;6
4210308;1;421030;2
4210506;3;421050;7
4210605;3;421060;4
4210803;1;421080;2
4210902;1;421090;3
4211009;2;421100;3
4211207;1;421120;3
4211306;6;421130;8
4211405;1;421140;3
4211504;1;421150;3
4211603;2;421160;2
4211702;2;421170;5
4211751;1;421175;4
4211900;11;421190;8
4212007;1;421200;3
4212106;2;421210;4
4212205;2;421220;3
4212304;1;421230;3
4212502;2;421250;3
4212601;1;421260;2
4212700;1;421270;3
4212809;3;421280;5
4212908;2;421290;5
4213203;4;421320;9
4213401;1;421340;4
4213500;2;421350;4
4213609;3;421360;7
4213708;2;421370;4
4213807;1;421380;2
4214003;3;421400;5
4214201;2;421420;4
4214300;1;421430;3
4214508;1;421450;2
4214607;1;421460;4
4214706;1;421470;2
4214805;7;421480;17
4215000;4;421500;5
4215075;1;421507;2
4215109;1;421510;3
4215307;1;421530;4
4215505;1;421550;3
4215703;3;421570;3
4215802;7;421580;10
4216008;2;421600;3
4216107;1;421610;6
4216206;5;421620;5
4216305;2;421630;6
4216404;1;421640;2
4216503;3;421650;4
4216602;20;421660;18
4216701;2;421670;4
4216800;1;421680;2
4216909;3;421690;5
4217006;2;421700;3
4217204;3;421720;10
4217303;1;421730;3
4217402;1;421740;4
4217501;2;421750;4
4217600;2;421760;2
4217709;2;421770;4
4217808;3;421780;5
4217907;2;421790;5
4218004;4;421800;6
4218202;4;421820;11
4218301;1;421830;2
4218400;1;421840;2
4218509;1;421850;3
4218608;1;421860;3
4218707;10;421870;13
4218756;1;421875;2
4218806;2;421880;1
4218905;1;421890;3
4219002;2;421900;3
4219200;1;421920;3
4219309;6;421930;11
4219507;5;421950;10
4219606;1;421960;3
4219705;3;421970;6
4300034;1;430003;1
4300059;2;430005;2
4300109;2;430010;2
4300208;2;430020;2
4300307;1;430030;2
4300406;6;430040;4
4300455;1;430045;1
4300505;1;430050;3
4300604;7;430060;1
4300638;1;430063;1
4300646;1;430064;2
4300703;1;430070;2
4300802;3;430080;4
4300901;2;430090;3
4301008;3;430100;3
4301057;1;430105;2
4301107;2;430110;1
4301206;2;430120;2
4301305;4;430130;1
4301404;3;430140;4
4301503;2;430150;3
4301552;2;430155;2
4301602;8;430160;5
4301636;1;430163;1
4301651;1;430165;2
4301701;1;430170;3
4301750;1;430175;1
4301800;1;430180;3
4301909;2;430190;1
4301958;1;430195;2
4302006;2;430200;2
4302105;16;430210;14
4302204;2;430220;3
4302238;1;430223;1
4302303;3;430230;1
4302352;3;430235;3
4302402;1;430240;2
4302451;1;430245;1
4302501;2;430250;1
4302709;2;430270;1
4302808;4;430280;2
4302907;2;430290;1
4303004;8;430300;7
4303103;9;430310;4
4303202;1;430320;3
4303301;2;430330;1
4303400;1;430340;2
4303509;6;430350;5
4303608;1;430360;1
4303673;1;430367;2
4303707;1;430370;2
4303806;3;430380;3
4303905;6;430390;7
4304002;2;430400;3
4304200;3;430420;4
4304309;2;430430;2
4304358;1;430435;2
4304408;5;430440;4
4304507;4;430450;4
4304606;31;430460;12
4304630;6;430463;4
4304663;2;430466;NA
4304671;2;430467;1
4304689;1;430468;1
4304705;6;430470;7
4304713;1;430471;NA
4304804;3;430480;8
4304903;3;430490;3
4305009;2;430500;2
4305108;58;430510;33
4305116;1;430511;2
4305124;1;430512;1
4305132;1;430513;1
4305173;1;430517;1
4305207;3;430520;3
4305306;2;430530;3
4305355;3;430535;1
4305405;1;430540;2
4305439;2;430543;NA
4305454;1;430545;NA
4305504;1;430550;1
4305603;2;430560;2
4305702;2;430570;2
4305801;3;430580;3
4305900;2;430590;2
4305959;1;430595;1
4306007;2;430600;4
4306056;1;430605;2
4306106;7;430610;7
4306205;2;430620;2
4306304;2;430630;2
4306320;1;430632;2
4306379;1;430637;NA
4306403;5;430640;4
4306452;2;430645;1
4306502;2;430650;2
4306601;6;430660;3
4306700;1;430670;1
4306734;2;430673;1
4306767;3;430676;1
4306809;4;430680;4
4306908;3;430690;1
4306932;2;430693;1
4306957;1;430695;1
4306973;1;430697;2
4307005;10;430700;23
4307054;1;430705;2
4307104;1;430710;1
4307203;1;430720;2
4307302;2;430730;2
4307401;2;430740;1
4307500;3;430750;5
4307559;1;430755;2
4307609;4;430760;4
4307708;6;430770;4
4307807;3;430780;5
4307815;1;430781;1
4307831;1;430783;1
4307906;7;430790;6
4308003;3;430800;2
4308078;1;430807;1
4308102;2;430810;3
4308201;4;430820;7
4308300;2;430830;2
4308409;1;430840;1
4308458;2;430845;1
4308508;4;430850;13
4308607;5;430860;5
4308656;1;430865;1
4308706;1;430870;3
4308805;1;430880;1
4308904;3;430890;6
4309001;3;430900;3
4309050;1;430905;1
4309100;6;430910;6
4309159;1;430915;1
4309209;15;430920;8
4309308;6;430930;3
4309407;3;430940;5
4309506;2;430950;2
4309555;1;430955;2
4309605;4;430960;6
4309654;1;430965;1
4309704;1;430970;3
4309753;1;430975;1
4309803;1;430980;2
4309902;2;430990;3
4309951;1;430995;1
4310009;3;431000;7
4310108;5;431010;3
4310207;10;431020;7
4310306;1;431030;2
4310330;2;431033;1
4310363;1;431036;1
4310405;2;431040;2
4310439;1;431043;4
4310504;1;431050;2
4310553;1;431055;1
4310603;4;431060;1
4310702;1;431070;2
4310801;3;431080;4
4310900;1;431090;2
4311007;3;431100;1
4311106;3;431110;1
4311130;1;431113;1
4311155;1;431115;2
4311205;3;431120;5
4311254;1;431125;1
4311304;5;431130;5
4311403;9;431140;14
4311502;2;431150;1
4311601;1;431160;2
4311700;2;431170;3
4311718;1;431171;1
4311759;1;431175;1
4311775;1;431177;1
4311791;1;431179;1
4311809;4;431180;9
4311908;2;431190;2
4311981;1;431198;1
4312005;1;431200;2
4312104;1;431210;1
4312203;1;431220;2
4312252;1;431225;1
4312302;1;431230;2
4312401;6;431240;5
4312500;3;431250;1
4312609;2;431260;1
4312658;4;431265;4
4312708;2;431270;3
4312757;1;431275;1
4312807;1;431280;2
4312906;3;431290;3
4313003;1;431300;1
4313037;1;431303;1
4313060;3;431306;3
4313086;1;431308;1
4313102;2;431310;2
4313201;3;431320;6
4313300;5;431330;6
4313359;1;431335;2
4313375;2;431337;3
4313391;1;431339;2
4313409;29;431340;19
4313508;7;431350;3
4313607;1;431360;3
4313656;3;431365;1
4313706;4;431370;4
4313805;2;431380;3
4313904;5;431390;6
4313953;2;431395;1
4314001;1;431400;3
4314027;2;431402;2
4314035;1;431403;1
4314050;4;431405;3
4314068;1;431406;1
4314076;1;431407;1
4314100;23;431410;20
4314159;1;431415;1
4314209;1;431420;1
4314308;2;431430;1
4314407;28;431440;16
4314423;1;431442;3
4314472;1;431447;1
4314498;1;431449;2
4314506;3;431450;2
4314605;2;431460;2
4314704;2;431470;3
4314779;1;431477;2
4314803;4;431480;3
4314902;258;431490;65
4315008;1;431500;2
4315107;2;431510;3
4315131;1;431513;1
4315156;1;431515;1
4315206;1;431520;2
4315305;3;431530;1
4315321;1;431532;1
4315404;1;431540;1
4315503;3;431550;2
4315602;14;431560;9
4315701;3;431570;2
4315750;1;431575;1
4315800;2;431580;1
4315909;1;431590;2
4316006;2;431600;3
4316105;2;431610;3
4316204;1;431620;2
4316303;2;431630;2
4316402;4;431640;3
4316436;1;431643;1
4316451;3;431645;2
4316501;2;431650;2
4316600;3;431660;5
4316709;2;431670;1
4316758;1;431675;2
4316808;14;431680;10
4316907;31;431690;15
4316956;1;431695;2
4317004;1;431700;1
4317103;6;431710;3
4317202;8;431720;14
4317301;4;431730;2
4317400;4;431740;6
4317509;6;431750;8
4317608;5;431760;3
4317707;1;431770;1
4317756;1;431775;2
4317806;3;431780;3
4317905;3;431790;3
4318002;6;431800;5
4318051;1;431805;4
4318101;3;431810;1
4318200;3;431820;2
4318309;7;431830;4
4318408;3;431840;2
4318424;1;431842;3
4318440;1;431844;2
4318481;1;431848;1
4318507;3;431850;1
4318606;2;431860;3
4318622;2;431862;1
4318705;21;431870;9
4318804;4;431880;6
4318903;3;431890;5
4319000;3;431900;4
4319109;2;431910;3
4319125;1;431912;1
4319158;2;431915;1
4319208;1;431920;1
4319307;2;431930;2
4319406;3;431940;1
4319505;3;431950;1
4319604;4;431960;2
4319752;1;431975;1
4319802;2;431980;1
4319901;6;431990;4
4320008;9;432000;1
4320107;3;432010;7
4320206;2;432020;3
4320263;1;432026;2
4320305;1;432030;2
4320354;1;432035;1
4320404;3;432040;4
4320503;2;432050;2
4320552;2;432055;1
4320602;1;432060;2
4320651;1;432065;1
4320677;1;432067;2
4320701;3;432070;2
4320800;3;432080;6
4320909;3;432090;6
4321006;3;432100;3
4321105;3;432110;1
4321204;6;432120;5
4321303;3;432130;2
4321352;1;432135;NA
4321402;3;432140;3
4321436;1;432143;2
4321451;3;432145;6
4321477;1;432147;2
4321501;6;432150;4
4321600;7;432160;3
4321634;1;432163;2
4321667;2;432166;2
4321709;3;432170;2
4321808;3;432180;5
4321857;1;432185;2
4321907;3;432190;5
4321956;1;432195;2
4322004;4;432200;1
4322103;2;432210;2
4322202;3;432220;5
4322251;1;432225;2
4322301;2;432230;3
4322400;7;432240;4
4322509;7;432250;6
4322525;1;432252;1
4322533;1;432253;2
4322541;1;432254;1
4322608;5;432260;5
4322707;3;432270;3
4322806;4;432280;5
4322905;2;432290;2
4323002;11;432300;6
4323101;1;432310;1
4323200;2;432320;1
4323309;1;432330;2
4323408;1;432340;1
4323457;1;432345;2
4323804;1;432380;2
5000203;1;500020;2
5000609;3;500060;5
5000708;1;500070;1
5000807;1;500080;1
5000906;1;500090;2
5001003;3;500100;3
5001102;5;500110;2
5001243;1;500124;3
5001508;1;500150;3
5001904;3;500190;2
5002001;1;500200;1
5002100;2;500210;2
5002209;3;500220;3
5002308;1;500230;1
5002407;3;500240;4
5002605;1;500260;2
5002704;74;500270;51
5002902;4;500290;2
5002951;4;500295;3
5003207;4;500320;3
5003256;2;500325;3
5003306;3;500330;2
5003454;1;500345;2
5003504;1;500350;2
5003702;15;500370;17
5003751;1;500375;1
5003801;2;500380;2
5004007;1;500400;2
5004106;1;500410;1
5004304;1;500430;1
5004403;1;500440;2
5004502;1;500450;3
5004601;1;500460;2
5004700;3;500470;3
5005004;3;500500;2
5005251;1;500525;3
5005400;3;500540;6
5005608;3;500560;2
5005681;2;500568;2
5005707;4;500570;3
5005806;1;500580;1
5006002;3;500600;3
5006200;4;500620;5
5006309;4;500630;2
5006408;1;500640;2
5006606;5;500660;7
5006903;3;500690;NA
5007109;2;500710;2
5007208;4;500720;3
5007406;2;500740;2
5007695;2;500769;3
5007703;1;500770;2
5007901;3;500790;5
5007935;2;500793;2
5008008;1;500800;1
5008305;8;500830;8
5100201;3;510020;3
5100250;5;510025;6
5100300;2;510030;2
5100409;2;510040;2
5100607;2;510060;1
5101258;2;510125;3
5101308;1;510130;2
5101407;1;510140;3
5101704;3;510170;2
5101803;7;510180;4
5101902;1;510190;2
5102504;6;510250;3
5102603;1;510260;1
5102637;4;510263;6
5102678;3;510267;4
5102686;1;510268;2
5102702;3;510270;4
5103007;2;510300;2
5103056;1;510305;2
5103205;3;510320;3
5103304;2;510330;2
5103353;3;510335;3
5103403;58;510340;40
5103502;3;510350;3
5103700;1;510370;2
5103858;1;510385;3
5104104;3;510410;4
5104203;1;510420;1
5104526;1;510452;2
5104559;1;510455;2
5104609;2;510460;3
5104807;3;510480;3
5105002;1;510500;2
5105101;4;510510;4
5105150;3;510515;4
5105176;1;510517;2
5105200;1;510520;2
5105259;9;510525;11
5105507;1;510550;4
5105606;2;510560;2
5105622;3;510562;2
5106216;1;510621;2
5106224;3;510622;11
5106232;1;510623;2
5106240;1;510624;3
5106257;2;510625;2
5106281;1;510628;1
5106299;1;510629;2
5106307;1;510630;2
5106372;1;510637;2
5106422;3;510642;3
5106505;2;510650;1
5106752;3;510675;5
5106778;1;510677;1
5106802;1;510680;2
5107008;1;510700;3
5107040;5;510704;8
5107065;3;510706;3
5107107;1;510710;2
5107180;1;510718;2
5107206;1;510720;2
5107305;1;510730;3
5107602;14;510760;20
5107701;1;510770;2
5107800;1;510780;1
5107859;2;510785;2
5107875;4;510787;3
5107909;12;510790;14
5107925;8;510792;12
5107941;1;510794;3
5107958;8;510795;9
5108006;2;510800;3
5108055;1;510805;2
5108204;1;510820;2
5108402;11;510840;13
5108501;1;510850;3
5108600;2;510860;1
5108956;1;510895;2
5200100;2;520010;NA
5200134;3;520013;1
5200258;6;520025;1
5200308;4;520030;1
5200605;1;520060;NA
5200803;2;520080;NA
5201108;26;520110;18
5201306;3;520130;1
5201405;15;520140;8
5201702;2;520170;2
5202155;1;520215;1
5202502;1;520250;1
5202601;1;520260;NA
5203203;1;520320;1
5203302;3;520330;2
5203401;1;520340;2
5203500;4;520350;1
5203807;1;520380;1
5203906;1;520390;1
5204003;1;520400;NA
5204102;1;520410;1
5204250;1;520425;1
5204300;2;520430;1
5204409;3;520440;2
5204508;6;520450;3
5204706;3;520470;1
5204805;1;520480;1
5204904;4;520490;1
5205059;1;520505;NA
5205109;7;520510;9
5205307;1;520530;NA
5205406;3;520540;2
5205471;2;520547;2
5205497;2;520549;1
5205513;1;520551;1
5205802;3;520580;1
5205901;3;520590;2
5206206;4;520620;5
5206404;4;520640;1
5207253;1;520725;1
5207402;2;520740;1
5207600;1;520760;NA
5207808;2;520780;1
5208004;7;520800;5
5208103;1;520810;1
5208400;1;520840;1
5208509;1;520850;1
5208608;4;520860;2
5208707;134;520870;62
5208806;2;520880;1
5208905;3;520890;1
5209101;5;520910;3
5209200;2;520920;NA
5209705;3;520970;2
5209937;1;520993;1
5209952;2;520995;1
5210000;4;521000;2
5210109;4;521010;3
5210208;4;521020;2
5210406;4;521040;2
5210604;1;521060;1
5210901;3;521090;1
5211008;1;521100;NA
5211206;3;521120;2
5211305;1;521130;1
5211404;1;521140;1
5211503;7;521150;5
5211701;1;521170;1
5211800;4;521180;1
5211909;8;521190;4
5212105;2;521210;1
5212204;4;521220;2
5212501;7;521250;5
5212808;2;521280;1
5212956;1;521295;NA
5213004;2;521300;NA
5213087;4;521308;1
5213103;4;521310;4
5213756;3;521375;1
5213806;5;521380;2
5213905;1;521390;NA
5214002;3;521400;2
5214408;1;521440;1
5214507;4;521450;2
5214606;4;521460;2
5214838;3;521483;1
5215009;1;521500;1
5215231;4;521523;1
5215306;3;521530;3
5215504;1;521550;1
5215603;3;521560;2
5215702;4;521570;1
5216304;1;521630;1
5216403;4;521640;1
5216809;2;521680;1
5217104;4;521710;1
5217203;4;521720;2
5217302;4;521730;1
5217401;4;521740;4
5217609;5;521760;3
5217708;3;521770;2
5218003;4;521800;3
5218300;4;521830;2
5218508;4;521850;2
5218607;1;521860;1
5218805;17;521880;14
5218904;3;521890;NA
5219001;2;521900;1
5219100;1;521910;NA
5219308;3;521930;2
5219704;3;521970;1
5219753;3;521975;NA
5219803;2;521980;NA
5220009;1;522000;1
5220108;4;522010;2
5220207;4;522020;2
5220405;4;522040;2
5220454;5;522045;4
5220504;1;522050;1
5220603;3;522060;3
5221403;5;522140;3
5221601;4;522160;3
5221700;2;522170;NA
5221858;7;522185;3
5222005;2;522200;3
5222054;2;522205;NA
5300108;312;530010;76
1100031;NA;110003;2
1100072;NA;110007;2
1100262;NA;110026;1
1100296;NA;110029;2
1100379;NA;110037;3
1100502;NA;110050;4
1100601;NA;110060;1
1100700;NA;110070;4
1100908;NA;110090;1
1100924;NA;110092;3
1100940;NA;110094;2
1101005;NA;110100;5
1101104;NA;110110;2
1101435;NA;110143;2
1101450;NA;110145;1
1101468;NA;110146;1
1101476;NA;110147;1
1101484;NA;110148;2
1101500;NA;110150;3
1101559;NA;110155;2
1101609;NA;110160;3
1101757;NA;110175;3
1101807;NA;110180;2
1300102;NA;130010;1
1301654;NA;130165;1
1400050;NA;140005;1
1400159;NA;140015;1
1400233;NA;140023;1
1600402;NA;160040;2
1600709;NA;160070;1
1703107;NA;170310;1
1706100;NA;170610;1
1707108;NA;170710;1
1707207;NA;170720;1
1707553;NA;170755;1
1712504;NA;171250;1
1716208;NA;171620;1
1717503;NA;171750;1
2102036;NA;210203;1
2103257;NA;210325;1
2103752;NA;210375;1
2105989;NA;210598;1
2110658;NA;211065;1
2110856;NA;211085;1
2111805;NA;211180;1
2414209;NA;241420;1
2502508;NA;250250;1
2503100;NA;250310;1
2510600;NA;251060;1
2512200;NA;251220;1
2514909;NA;251490;1
2516508;NA;251650;1
2603900;NA;260390;1
2605608;NA;260560;1
2607703;NA;260770;1
2612802;NA;261280;1
2615904;NA;261590;1
2901353;NA;290135;1
2901502;NA;290150;1
2903276;NA;290327;1
2903805;NA;290380;1
2904506;NA;290450;1
2905107;NA;290510;1
2906824;NA;290682;1
2906857;NA;290685;1
2906907;NA;290690;1
2911253;NA;291125;1
2911600;NA;291160;1
2912806;NA;291280;1
2918456;NA;291845;1
2918902;NA;291890;1
2919058;NA;291905;1
2920403;NA;292040;1
2920809;NA;292080;1
2922730;NA;292273;1
2924058;NA;292405;1
2924652;NA;292465;1
2925253;NA;292525;1
2925931;NA;292593;1
2926103;NA;292610;1
2927903;NA;292790;1
2928059;NA;292805;1
2928950;NA;292895;1
2929370;NA;292937;1
2930600;NA;293060;1
2930907;NA;293090;1
2931103;NA;293110;1
2931806;NA;293180;1
2933059;NA;293305;1
2933109;NA;293310;1
2933257;NA;293325;1
3100104;NA;310010;1
3100500;NA;310050;1
3100807;NA;310080;1
3101300;NA;310130;1
3101409;NA;310140;1
3101631;NA;310163;1
3101805;NA;310180;1
3102050;NA;310205;2
3102209;NA;310220;1
3102506;NA;310250;1
3102852;NA;310285;1
3102902;NA;310290;1
3103207;NA;310320;1
3103702;NA;310370;2
3103801;NA;310380;2
3104403;NA;310440;1
3104452;NA;310445;1
3104809;NA;310480;1
3105004;NA;310500;1
3105202;NA;310520;1
3105301;NA;310530;1
3105707;NA;310570;1
3106408;NA;310640;2
3106606;NA;310660;1
3107000;NA;310700;1
3107505;NA;310750;1
3107703;NA;310770;1
3107901;NA;310790;2
3108701;NA;310870;1
3108800;NA;310880;1
3109451;NA;310945;2
3109907;NA;310990;1
3110103;NA;311010;1
3110400;NA;311040;1
3111309;NA;311130;1
3111705;NA;311170;1
3111903;NA;311190;1
3112059;NA;311205;1
3112109;NA;311210;1
3112208;NA;311220;1
3112406;NA;311240;2
3112505;NA;311250;1
3112653;NA;311265;1
3112703;NA;311270;1
3112802;NA;311280;1
3112901;NA;311290;1
3113008;NA;311300;1
3113107;NA;311310;1
3113602;NA;311360;1
3114105;NA;311410;2
3114600;NA;311460;1
3114709;NA;311470;1
3114808;NA;311480;1
3114907;NA;311490;1
3115003;NA;311500;1
3115201;NA;311520;1
3115359;NA;311535;1
3115409;NA;311540;1
3115458;NA;311545;1
3115474;NA;311547;1
3115607;NA;311560;1
3115706;NA;311570;1
3116001;NA;311600;1
3116159;NA;311615;1
3116308;NA;311630;1
3116407;NA;311640;1
3116506;NA;311650;1
3116902;NA;311690;1
3117207;NA;311720;1
3117405;NA;311740;1
3117876;NA;311787;2
3118106;NA;311810;2
3118908;NA;311890;1
3119005;NA;311900;1
3119708;NA;311970;1
3119807;NA;311980;1
3119906;NA;311990;2
3119955;NA;311995;2
3120102;NA;312010;1
3120409;NA;312040;1
3120607;NA;312060;1
3120839;NA;312083;1
3121209;NA;312120;2
3121258;NA;312125;1
3121308;NA;312130;1
3121803;NA;312180;1
3122108;NA;312210;1
3122207;NA;312220;1
3122405;NA;312240;1
3122470;NA;312247;1
3122603;NA;312260;1
3122801;NA;312280;1
3123007;NA;312300;1
3123106;NA;312310;1
3123304;NA;312330;1
3123403;NA;312340;2
3123502;NA;312350;1
3123528;NA;312352;2
3123700;NA;312370;1
3123809;NA;312380;1
3124401;NA;312440;1
3124708;NA;312470;1
3125200;NA;312520;1
3125408;NA;312540;2
3125507;NA;312550;1
3125606;NA;312560;1
3125705;NA;312570;2
3125804;NA;312580;1
3125903;NA;312590;1
3125952;NA;312595;2
3126000;NA;312600;2
3126208;NA;312620;1
3126307;NA;312630;1
3126406;NA;312640;1
3126604;NA;312660;1
3126901;NA;312690;1
3127206;NA;312720;1
3127305;NA;312730;1
3127339;NA;312733;1
3127354;NA;312735;1
3127370;NA;312737;1
3127388;NA;312738;1
3127404;NA;312740;1
3127503;NA;312750;1
3127909;NA;312790;1
3128105;NA;312810;2
3128808;NA;312880;1
3129004;NA;312900;1
3129400;NA;312940;1
3129608;NA;312960;1
3129905;NA;312990;1
3130002;NA;313000;1
3130051;NA;313005;1
3130200;NA;313020;3
3130309;NA;313030;1
3130408;NA;313040;1
3130507;NA;313050;2
3130556;NA;313055;1
3130606;NA;313060;2
3130804;NA;313080;1
3131000;NA;313100;1
3131109;NA;313110;1
3131158;NA;313115;1
3131406;NA;313140;1
3132008;NA;313200;1
3132602;NA;313260;1
3133600;NA;313360;2
3134103;NA;313410;1
3134301;NA;313430;1
3134509;NA;313450;1
3135076;NA;313507;1
3135308;NA;313530;1
3135357;NA;313535;1
3135407;NA;313540;3
3135704;NA;313570;1
3135902;NA;313590;1
3136108;NA;313610;1
3136405;NA;313640;1
3136504;NA;313650;1
3136553;NA;313655;1
3136801;NA;313680;1
3136900;NA;313690;2
3137304;NA;313730;1
3137536;NA;313753;2
3138005;NA;313800;1
3138104;NA;313810;1
3138302;NA;313830;1
3138351;NA;313835;1
3138658;NA;313865;1
3138674;NA;313867;2
3138708;NA;313870;2
3139102;NA;313910;2
3139250;NA;313925;1
3140100;NA;314010;1
3140159;NA;314015;1
3140209;NA;314020;1
3140308;NA;314030;2
3140407;NA;314040;1
3140530;NA;314053;1
3140605;NA;314060;1
3140852;NA;314085;1
3141207;NA;314120;1
3141306;NA;314130;2
3141702;NA;314170;1
3141900;NA;314190;1
3142007;NA;314200;1
3144359;NA;314435;1
3144375;NA;314437;1
3144904;NA;314490;1
3145059;NA;314505;1
3145356;NA;314535;1
3145455;NA;314545;1
3145802;NA;314580;1
3145851;NA;314585;1
3145877;NA;314587;1
3146404;NA;314640;1
3146503;NA;314650;3
3146602;NA;314660;1
3148202;NA;314820;1
3148400;NA;314840;1
3148756;NA;314875;1
3148905;NA;314890;1
3149200;NA;314920;1
3149507;NA;314950;1
3149606;NA;314960;1
3149952;NA;314995;1
3150000;NA;315000;1
3150158;NA;315015;1
3150208;NA;315020;1
3150307;NA;315030;1
3150406;NA;315040;1
3150505;NA;315050;2
3150539;NA;315053;1
3151008;NA;315100;1
3151305;NA;315130;1
3152170;NA;315217;1
3152303;NA;315230;1
3152600;NA;315260;2
3152709;NA;315270;1
3153004;NA;315300;2
3153103;NA;315310;1
3153202;NA;315320;1
3153608;NA;315360;1
3153707;NA;315370;1
3153905;NA;315390;2
3154101;NA;315410;1
3154150;NA;315415;1
3154408;NA;315440;2
3154804;NA;315480;2
3155009;NA;315500;1
3155306;NA;315530;1
3155405;NA;315540;1
3156106;NA;315610;2
3156205;NA;315620;1
3156304;NA;315630;1
3156403;NA;315640;1
3156452;NA;315645;1
3157252;NA;315725;1
3157336;NA;315733;1
3157500;NA;315750;1
3157609;NA;315760;1
3157658;NA;315765;1
3158102;NA;315810;1
3158508;NA;315850;1
3158904;NA;315890;2
3159001;NA;315900;2
3159308;NA;315930;1
3159357;NA;315935;1
3159506;NA;315950;1
3159704;NA;315970;1
3160009;NA;316000;1
3160108;NA;316010;1
3160207;NA;316020;1
3160454;NA;316045;1
3160801;NA;316080;1
3160900;NA;316090;1
3160959;NA;316095;1
3161056;NA;316105;1
3161205;NA;316120;1
3161403;NA;316140;1
3161502;NA;316150;1
3161601;NA;316160;1
3161650;NA;316165;1
3162203;NA;316220;1
3162302;NA;316230;1
3162559;NA;316255;2
3162609;NA;316260;1
3162922;NA;316292;3
3163102;NA;316310;1
3163201;NA;316320;1
3163607;NA;316360;1
3163805;NA;316380;1
3163904;NA;316390;1
3164001;NA;316400;1
3164209;NA;316420;1
3164308;NA;316430;1
3164407;NA;316440;1
3164431;NA;316443;1
3164472;NA;316447;1
3164605;NA;316460;2
3165107;NA;316510;1
3165206;NA;316520;2
3165305;NA;316530;1
3165404;NA;316540;1
3165503;NA;316550;1
3165578;NA;316557;2
3165602;NA;316560;1
3165800;NA;316580;1
3165909;NA;316590;1
3166006;NA;316600;1
3166204;NA;316620;1
3166303;NA;316630;1
3166402;NA;316640;1
3166907;NA;316690;2
3167004;NA;316700;1
3167400;NA;316740;1
3167707;NA;316770;1
3167905;NA;316790;2
3168051;NA;316805;1
3168101;NA;316810;3
3168200;NA;316820;1
3169059;NA;316905;1
3169109;NA;316910;1
3169802;NA;316980;1
3170438;NA;317043;1
3170479;NA;317047;1
3170529;NA;317052;1
3170578;NA;317057;1
3170602;NA;317060;1
3170750;NA;317075;2
3171030;NA;317103;1
3171071;NA;317107;1
3171105;NA;317110;1
3171154;NA;317115;1
3171402;NA;317140;1
3200136;NA;320013;1
3201803;NA;320180;1
3202256;NA;320225;3
3202553;NA;320255;1
3203163;NA;320316;1
3204252;NA;320425;1
3204658;NA;320465;1
3205150;NA;320515;1
3500402;NA;350040;2
3502002;NA;350200;1
3502309;NA;350230;1
3505005;NA;350500;1
3507456;NA;350745;1
3509809;NA;350980;1
3510302;NA;351030;2
3512605;NA;351260;1
3513207;NA;351320;2
3513306;NA;351330;1
3514007;NA;351400;1
3514601;NA;351460;1
3516853;NA;351685;1
3518503;NA;351850;1
3520202;NA;352020;1
3520426;NA;352042;1
3520806;NA;352080;1
3523701;NA;352370;1
3524907;NA;352490;1
3525409;NA;352540;1
3525854;NA;352585;1
3526308;NA;352630;1
3527009;NA;352700;1
3527900;NA;352790;1
3530003;NA;353000;1
3530904;NA;353090;1
3531209;NA;353120;1
3532207;NA;353220;1
3532306;NA;353230;1
3536802;NA;353680;1
3537503;NA;353750;1
3539707;NA;353970;1
3541059;NA;354105;1
3541653;NA;354165;1
3542107;NA;354210;1
3542701;NA;354270;1
3543006;NA;354300;1
3543105;NA;354310;1
3543204;NA;354320;1
3543501;NA;354350;1
3543600;NA;354360;1
3545159;NA;354515;1
3546009;NA;354600;1
3547908;NA;354790;1
3548104;NA;354810;2
3549607;NA;354960;1
3550506;NA;355050;1
3551108;NA;355110;1
3553005;NA;355300;2
3553203;NA;355320;1
3553856;NA;355385;1
4100459;NA;410045;2
4100905;NA;410090;1
4101051;NA;410105;1
4101150;NA;410115;1
4101309;NA;410130;2
4101655;NA;410165;1
4101853;NA;410185;1
4102208;NA;410220;2
4102703;NA;410270;1
4102752;NA;410275;2
4103024;NA;410302;2
4103040;NA;410304;3
4103057;NA;410305;3
4103107;NA;410310;1
4103156;NA;410315;2
4103206;NA;410320;1
4103222;NA;410322;3
4103354;NA;410335;3
4103370;NA;410337;2
4103404;NA;410340;1
4103479;NA;410347;1
4103503;NA;410350;1
4103958;NA;410395;1
4104055;NA;410405;2
4104105;NA;410410;3
4104451;NA;410445;4
4106001;NA;410600;1
4106100;NA;410610;1
4106456;NA;410645;2
4106555;NA;410655;2
4106571;NA;410657;2
4106852;NA;410685;3
4107009;NA;410700;1
4107124;NA;410712;2
4107157;NA;410715;3
4107405;NA;410740;2
4107520;NA;410752;1
4107546;NA;410754;2
4107553;NA;410755;1
4107801;NA;410780;2
4107850;NA;410785;2
4107900;NA;410790;2
4108106;NA;410810;1
4108320;NA;410832;1
4108452;NA;410845;1
4108502;NA;410850;3
4108551;NA;410855;1
4108650;NA;410865;2
4108908;NA;410890;1
4108957;NA;410895;3
4109005;NA;410900;1
4109203;NA;410920;1
4109658;NA;410965;2
4109757;NA;410975;3
4110052;NA;411005;1
4110078;NA;411007;1
4110409;NA;411040;1
4110656;NA;411065;1
4110953;NA;411095;4
4111001;NA;411100;1
4111100;NA;411110;1
4111605;NA;411160;1
4111704;NA;411170;1
4112306;NA;411230;1
4112751;NA;411275;2
4112900;NA;411290;1
4113007;NA;411300;1
4113106;NA;411310;2
4113254;NA;411325;1
4113403;NA;411340;1
4113429;NA;411342;1
4113452;NA;411345;3
4113601;NA;411360;1
4113734;NA;411373;2
4113759;NA;411375;1
4113809;NA;411380;1
4114351;NA;411435;2
4114708;NA;411470;1
4115002;NA;411500;2
4115309;NA;411530;3
4115457;NA;411545;2
4115507;NA;411550;1
4115739;NA;411573;1
4115853;NA;411585;2
4116307;NA;411630;1
4116604;NA;411660;1
4116950;NA;411695;2
4117214;NA;411721;2
4117271;NA;411727;1
4117297;NA;411729;1
4117404;NA;411740;1
4117453;NA;411745;3
4118451;NA;411845;2
4118600;NA;411860;1
4118709;NA;411870;3
4118808;NA;411880;4
4118857;NA;411885;1
4119004;NA;411900;3
4119251;NA;411925;2
4119657;NA;411965;2
4119707;NA;411970;1
4120150;NA;412015;2
4120200;NA;412020;2
4120309;NA;412030;1
4120333;NA;412033;1
4120358;NA;412035;3
4120408;NA;412040;1
4120655;NA;412065;1
4121000;NA;412100;2
4121208;NA;412120;2
4121257;NA;412125;2
4121307;NA;412130;1
4121356;NA;412135;1
4121604;NA;412160;3
4121752;NA;412175;3
4122107;NA;412210;1
4122701;NA;412270;3
4122800;NA;412280;3
4123105;NA;412310;1
4123824;NA;412382;2
4123857;NA;412385;2
4123956;NA;412395;1
4124004;NA;412400;1
4124020;NA;412402;3
4124202;NA;412420;1
4124301;NA;412430;1
4124608;NA;412460;3
4124905;NA;412490;2
4125209;NA;412520;4
4125308;NA;412530;2
4125357;NA;412535;2
4125407;NA;412540;1
4125456;NA;412545;1
4125555;NA;412555;1
4125753;NA;412575;3
4125902;NA;412590;1
4126207;NA;412620;1
4126272;NA;412627;2
4126355;NA;412635;3
4126652;NA;412665;2
4126678;NA;412667;2
4126702;NA;412670;2
4127007;NA;412700;1
4127908;NA;412790;2
4128534;NA;412853;2
4128625;NA;412862;1
4128658;NA;412865;2
4128708;NA;412870;3
4128807;NA;412880;1
4200051;NA;420005;2
4200309;NA;420030;3
4200507;NA;420050;3
4200556;NA;420055;2
4200606;NA;420060;5
4200754;NA;420075;3
4201109;NA;420110;2
4201257;NA;420125;3
4201273;NA;420127;5
4201505;NA;420150;2
4201653;NA;420165;3
4201950;NA;420195;1
4202057;NA;420205;3
4202073;NA;420207;1
4202081;NA;420208;1
4202099;NA;420209;1
4202131;NA;420213;2
4202156;NA;420215;2
4202206;NA;420220;6
4202438;NA;420243;2
4202537;NA;420253;3
4202578;NA;420257;1
4202701;NA;420270;2
4202859;NA;420285;2
4202875;NA;420287;2
4203105;NA;420310;2
4203154;NA;420315;1
4203253;NA;420325;1
4203303;NA;420330;3
4203709;NA;420370;4
4204152;NA;420415;3
4204178;NA;420417;1
4204194;NA;420419;3
4204350;NA;420435;3
4204459;NA;420445;3
4204756;NA;420475;3
4205100;NA;420510;4
4205159;NA;420515;3
4205175;NA;420517;2
4205209;NA;420520;3
4205357;NA;420535;3
4205431;NA;420543;2
4205555;NA;420555;3
4206108;NA;420610;2
4206603;NA;420660;2
4206652;NA;420665;3
4206751;NA;420675;1
4206801;NA;420680;1
4207577;NA;420757;2
4207601;NA;420760;3
4207684;NA;420768;3
4207759;NA;420775;4
4207809;NA;420780;3
4207858;NA;420785;2
4208955;NA;420895;2
4209151;NA;420915;2
4209177;NA;420917;2
4209201;NA;420920;2
4209458;NA;420945;1
4209706;NA;420970;3
4209854;NA;420985;2
4210035;NA;421003;2
4210050;NA;421005;1
4210209;NA;421020;1
4210407;NA;421040;1
4210555;NA;421055;2
4210704;NA;421070;2
4210852;NA;421085;2
4211058;NA;421105;1
4211108;NA;421110;2
4211256;NA;421125;1
4211454;NA;421145;2
4211652;NA;421165;2
4211801;NA;421180;4
4211850;NA;421185;3
4211876;NA;421187;2
4211892;NA;421189;1
4212056;NA;421205;1
4212239;NA;421223;2
4212254;NA;421225;2
4212270;NA;421227;2
4212403;NA;421240;1
4212650;NA;421265;1
4213005;NA;421300;3
4213104;NA;421310;3
4213153;NA;421315;1
4213302;NA;421330;2
4213351;NA;421335;1
4213906;NA;421390;1
4214102;NA;421410;2
4214151;NA;421415;2
4214409;NA;421440;2
4214904;NA;421490;2
4215059;NA;421505;2
4215208;NA;421520;2
4215356;NA;421535;2
4215406;NA;421540;2
4215455;NA;421545;2
4215554;NA;421555;2
4215604;NA;421560;1
4215653;NA;421565;3
4215679;NA;421567;5
4215687;NA;421568;2
4215695;NA;421569;2
4215752;NA;421575;2
4215901;NA;421590;1
4216057;NA;421605;1
4216255;NA;421625;3
4216354;NA;421635;2
4217105;NA;421710;2
4217154;NA;421715;1
4217253;NA;421725;1
4217550;NA;421755;2
4217758;NA;421775;1
4217956;NA;421795;1
4218103;NA;421810;1
4218251;NA;421825;2
4218350;NA;421835;1
4218855;NA;421885;2
4218954;NA;421895;2
4219101;NA;421910;2
4219150;NA;421915;1
4219176;NA;421917;2
4219358;NA;421935;3
4219408;NA;421940;4
4219853;NA;421985;2
4220000;NA;422000;2
4300471;NA;430047;2
4300554;NA;430055;1
4300570;NA;430057;1
4300661;NA;430066;1
4300851;NA;430085;1
4300877;NA;430087;1
4301073;NA;430107;1
4301859;NA;430185;1
4301875;NA;430187;1
4301925;NA;430192;2
4302055;NA;430205;2
4302154;NA;430215;2
4302220;NA;430222;2
4302253;NA;430225;1
4302378;NA;430237;1
4302584;NA;430258;1
4302600;NA;430260;2
4302659;NA;430265;1
4303558;NA;430355;2
4304101;NA;430410;2
4304614;NA;430461;1
4304622;NA;430462;1
4304655;NA;430465;1
4304697;NA;430469;1
4304853;NA;430485;1
4304952;NA;430495;2
4305157;NA;430515;2
4305371;NA;430537;2
4305447;NA;430544;1
4305587;NA;430558;1
4305835;NA;430583;1
4305850;NA;430585;2
4305871;NA;430587;2
4305934;NA;430593;1
4305975;NA;430597;1
4306072;NA;430607;1
4306130;NA;430613;2
4306353;NA;430635;2
4306429;NA;430642;1
4306759;NA;430675;1
4306924;NA;430692;2
4307450;NA;430745;2
4307864;NA;430786;1
4308052;NA;430805;2
4308250;NA;430825;2
4308433;NA;430843;1
4308854;NA;430885;2
4309126;NA;430912;1
4309258;NA;430925;1
4309571;NA;430957;1
4310413;NA;431041;1
4310462;NA;431046;2
4310538;NA;431053;1
4310579;NA;431057;1
4310652;NA;431065;2
4310751;NA;431075;2
4310850;NA;431085;2
4310876;NA;431087;1
4311122;NA;431112;1
4311239;NA;431123;1
4311270;NA;431127;1
4311429;NA;431142;1
4311627;NA;431162;1
4311643;NA;431164;1
4312054;NA;431205;1
4312138;NA;431213;2
4312153;NA;431215;1
4312179;NA;431217;1
4312351;NA;431235;1
4312377;NA;431237;2
4312385;NA;431238;1
4312427;NA;431242;1
4312443;NA;431244;1
4312450;NA;431245;1
4312476;NA;431247;3
4312617;NA;431261;2
4312625;NA;431262;1
4312674;NA;431267;1
4312955;NA;431295;2
4313011;NA;431301;3
4313334;NA;431333;2
4313425;NA;431342;1
4313441;NA;431344;2
4313466;NA;431346;2
4313490;NA;431349;2
4314134;NA;431413;2
4314175;NA;431417;1
4314456;NA;431445;2
4314464;NA;431446;1
4314548;NA;431454;1
4314555;NA;431455;2
4314753;NA;431475;1
4314787;NA;431478;2
4315057;NA;431505;1
4315073;NA;431507;1
4315149;NA;431514;1
4315172;NA;431517;1
4315313;NA;431531;2
4315354;NA;431535;3
4315453;NA;431545;1
4315552;NA;431555;2
4315958;NA;431595;1
4316428;NA;431642;2
4316477;NA;431647;2
4316733;NA;431673;2
4317251;NA;431725;1
4317558;NA;431755;2
4317954;NA;431795;1
4318432;NA;431843;1
4318457;NA;431845;2
4318465;NA;431846;1
4318499;NA;431849;3
4318614;NA;431861;1
4319356;NA;431935;1
4319364;NA;431936;2
4319372;NA;431937;2
4319703;NA;431970;2
4319711;NA;431971;1
4319737;NA;431973;1
4320230;NA;432023;2
4320321;NA;432032;2
4320453;NA;432045;1
4320578;NA;432057;2
4320859;NA;432085;1
4321329;NA;432132;2
4321469;NA;432146;1
4321493;NA;432149;1
4321626;NA;432162;1
4322152;NA;432215;1
4322186;NA;432218;1
4322327;NA;432232;1
4322343;NA;432234;2
4322350;NA;432235;1
4322376;NA;432237;1
4322558;NA;432255;1
4322855;NA;432285;1
4323358;NA;432335;1
4323507;NA;432350;2
4323606;NA;432360;1
4323705;NA;432370;1
4323754;NA;432375;2
4323770;NA;432377;1
5000252;NA;500025;2
5000856;NA;500085;1
5002159;NA;500215;1
5002803;NA;500280;1
5003108;NA;500310;1
5003157;NA;500315;1
5003488;NA;500348;1
5003900;NA;500390;2
5004809;NA;500480;1
5005103;NA;500510;1
5005152;NA;500515;1
5006259;NA;500625;1
5006275;NA;500627;2
5006358;NA;500635;1
5007307;NA;500730;1
5007505;NA;500750;1
5007554;NA;500755;1
5007802;NA;500780;2
5007950;NA;500795;1
5007976;NA;500797;1
5008404;NA;500840;1
5100102;NA;510010;1
5100359;NA;510035;2
5100508;NA;510050;1
5100805;NA;510080;3
5101605;NA;510160;1
5101852;NA;510185;2
5102793;NA;510279;2
5102850;NA;510285;2
5103106;NA;510310;2
5103254;NA;510325;4
5103361;NA;510336;1
5103379;NA;510337;4
5103437;NA;510343;1
5103452;NA;510345;2
5103601;NA;510360;3
5103809;NA;510380;2
5103908;NA;510390;1
5103957;NA;510395;1
5104500;NA;510450;2
5104542;NA;510454;2
5104906;NA;510490;1
5105234;NA;510523;1
5105580;NA;510558;2
5105903;NA;510590;2
5106000;NA;510600;1
5106109;NA;510610;1
5106158;NA;510615;3
5106174;NA;510617;1
5106182;NA;510618;2
5106190;NA;510619;2
5106208;NA;510620;2
5106265;NA;510626;2
5106273;NA;510627;2
5106455;NA;510645;1
5106653;NA;510665;1
5106828;NA;510682;1
5106851;NA;510685;1
5107156;NA;510715;1
5107198;NA;510719;1
5107248;NA;510724;2
5107263;NA;510726;1
5107297;NA;510729;1
5107354;NA;510735;1
5107404;NA;510740;1
5107578;NA;510757;1
5107743;NA;510774;1
5107750;NA;510775;2
5107768;NA;510776;2
5107776;NA;510777;1
5107792;NA;510779;2
5108105;NA;510810;1
5108303;NA;510830;2
5108352;NA;510835;1
5108808;NA;510880;2
5108857;NA;510885;2
5108907;NA;510890;3
5200050;NA;520005;1
5200175;NA;520017;1
5200209;NA;520020;1
5201454;NA;520145;1
5201504;NA;520150;1
5201603;NA;520160;1
5202353;NA;520235;1
5203559;NA;520355;1
5204854;NA;520485;1
5204953;NA;520495;1
5205000;NA;520500;1
5205455;NA;520545;1
5206305;NA;520630;1
5206503;NA;520650;1
5206909;NA;520690;1
5207352;NA;520735;1
5207535;NA;520753;1
5208152;NA;520815;1
5209150;NA;520915;1
5209804;NA;520980;1
5209903;NA;520990;1
5210802;NA;521080;1
5211602;NA;521160;2
5212600;NA;521260;1
5212709;NA;521270;1
5212907;NA;521290;1
5213707;NA;521370;2
5214804;NA;521480;1
5214861;NA;521486;1
5215256;NA;521525;1
5215405;NA;521540;1
5215652;NA;521565;1
5215900;NA;521590;1
5216007;NA;521600;1
5216452;NA;521645;1
5218052;NA;521805;1
5218102;NA;521810;1
5218789;NA;521878;1
5219258;NA;521925;1
5219506;NA;521950;1
5219712;NA;521971;1
5220058;NA;522005;1
5220157;NA;522015;1
5220264;NA;522026;1
5221007;NA;522100;1
5221197;NA;522119;1
5221502;NA;522150;1
5221809;NA;522180;1
5221908;NA;522190;1
